state,county,Total
CA,LOS ANGELES,30781258
CA,SAN DIEGO,9265638
CA,ORANGE,8925452
CA,RIVERSIDE,7087240
CA,SANTA CLARA,5749172
CA,SACRAMENTO,4775148
CA,ALAMEDA,4484230
CA,SAN BERNARDINO,4442810
CA,CONTRA COSTA,4139676
CA,VENTURA,3099292
CA,SAN FRANCISCO,2890478
CA,SAN MATEO,2727224
CA,FRESNO,2705734
CA,KERN,2361224
CA,SONOMA,1725636
CA,SAN JOAQUIN,1588130
CA,STANISLAUS,1510240
CA,PLACER,1506428
CA,SOLANO,1404986
CA,TULARE,1397296
CA,SANTA BARBARA,1344972
CA,BUTTE,1339530
CA,MONTEREY,1117934
CA,SHASTA,1023314
CA,EL DORADO,1010400
CA,MARIN,971748
CA,SAN LUIS OBISPO,949772
CA,SANTA CRUZ,825982
CA,IMPERIAL,804064
CA,HUMBOLDT,803978
CA,MERCED,534208
CA,MENDOCINO,502222
CA,YOLO,500514
CA,MADERA,481642
CA,NEVADA,455466
CA,LAKE,444390
CA,SISKIYOU,435272
CA,KINGS,416088
CA,NAPA,397158
CA,AMADOR,341330
CA,YUBA,267818
CA,TUOLUMNE,258166
CA,TEHAMA,250466
CA,SUTTER,243460
CA,TRINITY,164146
CA,CALAVERAS,157458
CA,SAN BENITO,107352
CA,LASSEN,104570
CA,GLENN,80186
CA,DEL NORTE,80142
CA,COLUSA,67748
CA,PLUMAS,56798
CA,MODOC,47200
CA,MARIPOSA,18680
CA,INYO,10500
CA,SIERRA,8500
CA,MONO,0
FL,MIAMI-DADE,12645780
FL,PALM BEACH,9663798
FL,BROWARD,8715672
FL,PINELLAS,6128050
FL,HILLSBOROUGH,5062026
FL,BREVARD,4539696
FL,LEE,4445536
FL,VOLUSIA,4176984
FL,ORANGE,4054472
FL,POLK,3761014
FL,SARASOTA,3665628
FL,PASCO,3641492
FL,LAKE,3503032
FL,DUVAL,3353088
FL,MARION,2747036
FL,COLLIER,2488602
FL,SEMINOLE,1989948
FL,ST. LUCIE,1936972
FL,HERNANDO,1924416
FL,MANATEE,1683876
FL,CHARLOTTE,1579296
FL,ESCAMBIA,1546424
FL,INDIAN RIVER,1404726
FL,CITRUS,1266664
FL,OSCEOLA,1214132
FL,BAY,1145800
FL,OKALOOSA,1025206
FL,HIGHLANDS,974126
FL,ALACHUA,962116
FL,ST. JOHNS,954692
FL,LEON,894908
FL,SANTA ROSA,803676
FL,CLAY,770642
FL,MARTIN,654816
FL,JACKSON,513348
FL,WALTON,511638
FL,PUTNAM,505742
FL,FLAGLER,468144
FL,LEVY,377552
FL,WAKULLA,318058
FL,SUWANNEE,306432
FL,COLUMBIA,303922
FL,SUMTER,297792
FL,MONROE,282352
FL,NASSAU,260256
FL,HENDRY,197280
FL,DE SOTO,186830
FL,GADSDEN,162106
FL,HAMILTON,156174
FL,GLADES,156168
FL,TAYLOR,128850
FL,LIBERTY,127392
FL,MADISON,100926
FL,HOLMES,100348
FL,WASHINGTON,91390
FL,GILCHRIST,86800
FL,BAKER,82354
FL,GULF,60700
FL,BRADFORD,58268
FL,CALHOUN,54150
FL,HARDEE,48868
FL,DIXIE,44518
FL,UNION,41742
FL,FRANKLIN,41522
FL,OKEECHOBEE,38730
FL,JEFFERSON,28430
TX,HARRIS,13742672
TX,DALLAS,9035420
TX,BEXAR,8167010
TX,TARRANT,6873658
TX,EL PASO,3536962
TX,TRAVIS,3020404
TX,HIDALGO,2958388
TX,MONTGOMERY,2167746
TX,COLLIN,2042126
TX,WILLIAMSON,1842184
TX,MC LENNAN,1689736
TX,POTTER,1659642
TX,NUECES,1582252
TX,DENTON,1393556
TX,BRAZORIA,1332490
TX,JEFFERSON,1314320
TX,CAMERON,1265028
TX,GALVESTON,1209018
TX,FORT BEND,1131674
TX,LUBBOCK,1069330
TX,SMITH,1051472
TX,BELL,1048948
TX,TOM GREEN,964250
TX,ELLIS,880820
TX,GREGG,869580
TX,KAUFMAN,839404
TX,GRAYSON,829100
TX,SAN PATRICIO,828994
TX,WEBB,764504
TX,TAYLOR,716686
TX,COMAL,696074
TX,WICHITA,687850
TX,BRAZOS,662088
TX,JOHNSON,616686
TX,BOWIE,599208
TX,GUADALUPE,589382
TX,ECTOR,587254
TX,HUNT,564846
TX,HAYS,556866
TX,KERR,532670
TX,POLK,521546
TX,BURNET,465286
TX,HENDERSON,456306
TX,UPSHUR,441478
TX,ROCKWALL,440138
TX,ORANGE,435168
TX,PARKER,408514
TX,BOSQUE,395478
TX,HARRISON,395424
TX,COOKE,377334
TX,LEON,376888
TX,HOOD,375282
TX,HARDIN,373238
TX,BASTROP,371610
TX,ANGELINA,367148
TX,CHEROKEE,358960
TX,KENDALL,345682
TX,EASTLAND,336834
TX,GILLESPIE,331714
TX,MIDLAND,326848
TX,ANDERSON,308440
TX,LAVACA,303738
TX,HOUSTON,283754
TX,VAN ZANDT,282020
TX,VICTORIA,276398
TX,LAMAR,274630
TX,ARANSAS,274576
TX,WALKER,274142
TX,REFUGIO,272334
TX,STARR,271866
TX,WHARTON,267816
TX,LLANO,266464
TX,PANOLA,265868
TX,WASHINGTON,246362
TX,CASS,242316
TX,LIBERTY,237710
TX,WILSON,235060
TX,RUSK,230436
TX,WOOD,221994
TX,FAYETTE,220984
TX,MILAM,215726
TX,NACOGDOCHES,214624
TX,MAVERICK,196168
TX,GAINES,187126
TX,SHELBY,186614
TX,YOUNG,184254
TX,GONZALES,183730
TX,LAMPASAS,180392
TX,FALLS,177742
TX,BROWN,175698
TX,HOWARD,172858
TX,CALDWELL,172592
TX,BEE,171162
TX,KLEBERG,167292
TX,NOLAN,159994
TX,NAVARRO,158488
TX,WISE,157568
TX,CALHOUN,156912
TX,BANDERA,156126
TX,LIVE OAK,155488
TX,COMANCHE,154048
TX,FREESTONE,152426
TX,MONTAGUE,152334
TX,MEDINA,152224
TX,FANNIN,149990
TX,FRIO,145730
TX,CORYELL,142166
TX,RED RIVER,141832
TX,CLAY,140024
TX,WARD,140004
TX,JASPER,135042
TX,HOPKINS,134430
TX,WILBARGER,133390
TX,GARZA,132640
TX,TITUS,131048
TX,MARION,125226
TX,DUVAL,124244
TX,COLEMAN,123078
TX,MORRIS,121510
TX,RUNNELS,120558
TX,MATAGORDA,116566
TX,ANDREWS,114818
TX,JACK,114276
TX,TYLER,112798
TX,DE WITT,111810
TX,JIM WELLS,109728
TX,HILL,107682
TX,VAL VERDE,106592
TX,PALO PINTO,106538
TX,RANDALL,105972
TX,HUTCHINSON,103378
TX,TRINITY,102672
TX,MASON,102444
TX,KINNEY,98122
TX,ERATH,97640
TX,HAMILTON,95828
TX,FRANKLIN,94930
TX,JACKSON,93910
TX,BLANCO,91358
TX,LA SALLE,90902
TX,FLOYD,90756
TX,CROCKETT,89550
TX,SAN JACINTO,89284
TX,JIM HOGG,88448
TX,NEWTON,87692
TX,SABINE,85796
TX,CALLAHAN,84798
TX,BURLESON,82692
TX,DELTA,80594
TX,SAN AUGUSTINE,78028
TX,MADISON,76472
TX,MC CULLOCH,73560
TX,CHAMBERS,73552
TX,ATASCOSA,71588
TX,COLLINGSWORTH,70756
TX,CARSON,70612
TX,CONCHO,65500
TX,HOCKLEY,65054
TX,HALE,64922
TX,LYNN,64376
TX,BROOKS,64368
TX,ROBERTSON,62784
TX,WALLER,60294
TX,KIMBLE,60072
TX,DAWSON,59248
TX,GRIMES,59086
TX,ARCHER,58612
TX,TERRY,57540
TX,GRAY,56204
TX,FISHER,55914
TX,MILLS,55216
TX,AUSTIN,53328
TX,UPTON,52138
TX,LIMESTONE,44210
TX,LEE,43774
TX,WILLACY,43508
TX,HALL,43308
TX,SAN SABA,42870
TX,CAMP,42408
TX,YOAKUM,42010
TX,SCURRY,39028
TX,ZAPATA,39000
TX,BREWSTER,38788
TX,RAINS,36638
TX,KARNES,35798
TX,PARMER,34670
TX,UVALDE,32910
TX,CHILDRESS,31470
TX,REEVES,31060
TX,PRESIDIO,30458
TX,OCHILTREE,27536
TX,DICKENS,26754
TX,CRANE,25048
TX,PECOS,23890
TX,DONLEY,22100
TX,EDWARDS,21884
TX,CULBERSON,20570
TX,MOORE,16820
TX,LAMB,15530
TX,DIMMIT,14690
TX,BAYLOR,14480
TX,SOMERVELL,14450
TX,DEAF SMITH,13980
TX,DALLAM,10920
TX,GLASSCOCK,9840
TX,COLORADO,7830
TX,STEPHENS,7190
TX,WINKLER,7120
TX,CROSBY,6080
TX,SWISHER,4250
TX,COCHRAN,3850
TX,BAILEY,3670
TX,KNOX,1680
TX,MARTIN,1070
TX,LIPSCOMB,870
TX,HEMPHILL,90
TX,GOLIAD,0
TX,SCHLEICHER,0
NY,KINGS,9662898
NY,QUEENS,8981188
NY,NASSAU,7666294
NY,NEW YORK,6859878
NY,SUFFOLK,6493036
NY,ERIE,5634542
NY,BRONX,5164684
NY,WESTCHESTER,4551438
NY,MONROE,3887016
NY,ONONDAGA,2479074
NY,RICHMOND,1904510
NY,ROCKLAND,1556528
NY,BROOME,1428968
NY,ORANGE,1421446
NY,ONEIDA,1402966
NY,ALBANY,1378742
NY,DUTCHESS,1348986
NY,NIAGARA,1262772
NY,SCHENECTADY,1078948
NY,ST. LAWRENCE,988728
NY,SARATOGA,824282
NY,OSWEGO,798456
NY,CHAUTAUQUA,792444
NY,ULSTER,775986
NY,STEUBEN,749326
NY,JEFFERSON,638654
NY,RENSSELAER,609592
NY,HERKIMER,582576
NY,CLINTON,573560
NY,SULLIVAN,570098
NY,WASHINGTON,526772
NY,CATTARAUGUS,491160
NY,WAYNE,470226
NY,ONTARIO,467598
NY,PUTNAM,405624
NY,COLUMBIA,403980
NY,TOMPKINS,403910
NY,CHEMUNG,403300
NY,ALLEGANY,390344
NY,MADISON,389456
NY,GENESEE,386200
NY,CAYUGA,373454
NY,CHENANGO,337934
NY,WYOMING,330926
NY,MONTGOMERY,328538
NY,YATES,300054
NY,LIVINGSTON,289558
NY,WARREN,283980
NY,OTSEGO,282696
NY,FULTON,276374
NY,DELAWARE,269134
NY,ESSEX,248182
NY,TIOGA,237786
NY,SENECA,212312
NY,ORLEANS,210232
NY,FRANKLIN,190646
NY,CORTLAND,177198
NY,SCHOHARIE,148242
NY,LEWIS,147068
NY,GREENE,139326
NY,SCHUYLER,83926
NY,HAMILTON,11100
IL,COOK,25570002
IL,DU PAGE,4772180
IL,LAKE,2680220
IL,WINNEBAGO,2566110
IL,WILL,2482208
IL,ST. CLAIR,1837566
IL,MC HENRY,1814556
IL,KANE,1688750
IL,MADISON,1631238
IL,SANGAMON,1442078
IL,MACON,986758
IL,PEORIA,919072
IL,LA SALLE,829058
IL,MC LEAN,816412
IL,ADAMS,708320
IL,STEPHENSON,685614
IL,TAZEWELL,679868
IL,KANKAKEE,672084
IL,DE KALB,621914
IL,WHITESIDE,574850
IL,VERMILION,570828
IL,ROCK ISLAND,570358
IL,CHAMPAIGN,479728
IL,MARION,460122
IL,KNOX,436730
IL,WILLIAMSON,431732
IL,COLES,425000
IL,FULTON,397662
IL,OGLE,395260
IL,HANCOCK,366396
IL,CHRISTIAN,356196
IL,MONROE,352694
IL,HENRY,345094
IL,WAYNE,328708
IL,JEFFERSON,316810
IL,FRANKLIN,312658
IL,JACKSON,310888
IL,BOONE,301800
IL,MERCER,289388
IL,CARROLL,282948
IL,IROQUOIS,281680
IL,KENDALL,277752
IL,SALINE,265450
IL,CLINTON,231108
IL,MACOUPIN,229692
IL,JO DAVIESS,226038
IL,RICHLAND,221410
IL,WARREN,214794
IL,CRAWFORD,213732
IL,WASHINGTON,200582
IL,LOGAN,198802
IL,BUREAU,198676
IL,MOULTRIE,191724
IL,LIVINGSTON,185770
IL,MC DONOUGH,185218
IL,MORGAN,183320
IL,HAMILTON,170922
IL,WOODFORD,169036
IL,RANDOLPH,165098
IL,LEE,164398
IL,WABASH,163466
IL,EFFINGHAM,159266
IL,CLAY,149778
IL,MONTGOMERY,147698
IL,SHELBY,145252
IL,PIATT,142206
IL,GRUNDY,141770
IL,JOHNSON,138134
IL,WHITE,134778
IL,GREENE,127288
IL,BOND,121766
IL,EDGAR,117056
IL,PULASKI,116138
IL,JASPER,112076
IL,LAWRENCE,109426
IL,JERSEY,102766
IL,BROWN,101940
IL,MASON,96946
IL,CASS,94990
IL,DOUGLAS,84996
IL,MARSHALL,80562
IL,PUTNAM,78796
IL,HENDERSON,77528
IL,UNION,69762
IL,CLARK,67096
IL,STARK,64698
IL,EDWARDS,57512
IL,FORD,53404
IL,PIKE,49434
IL,FAYETTE,47408
IL,SCOTT,37998
IL,HARDIN,36908
IL,MENARD,27058
IL,ALEXANDER,22660
IL,DE WITT,18530
IL,POPE,18140
IL,CALHOUN,17230
IL,SCHUYLER,5520
IL,GALLATIN,3990
IL,PERRY,2090
IL,CUMBERLAND,1050
PA,PHILADELPHIA,6776192
PA,ALLEGHENY,6276360
PA,MONTGOMERY,3868362
PA,LANCASTER,2729962
PA,BUCKS,2586328
PA,DELAWARE,2355912
PA,CHESTER,2203188
PA,WESTMORELAND,1832710
PA,LUZERNE,1826604
PA,ERIE,1688238
PA,LACKAWANNA,1593670
PA,CUMBERLAND,1569986
PA,YORK,1539746
PA,NORTHAMPTON,1440644
PA,BERKS,1394550
PA,LEHIGH,1314918
PA,DAUPHIN,1247580
PA,BEAVER,1141856
PA,BUTLER,1065838
PA,WASHINGTON,1060244
PA,SCHUYLKILL,957390
PA,BLAIR,933928
PA,CAMBRIA,918806
PA,LEBANON,885222
PA,BRADFORD,824724
PA,FAYETTE,781740
PA,NORTHUMBERLND,713384
PA,INDIANA,651690
PA,FRANKLIN,631100
PA,CRAWFORD,628948
PA,LAWRENCE,622348
PA,LYCOMING,609492
PA,CENTRE,568388
PA,ADAMS,552268
PA,MONROE,536436
PA,MERCER,514728
PA,MIFFLIN,507836
PA,ARMSTRONG,442162
PA,CARBON,386158
PA,UNION,367976
PA,TIOGA,364990
PA,VENANGO,334992
PA,COLUMBIA,334084
PA,SOMERSET,283848
PA,WAYNE,276874
PA,WYOMING,266012
PA,CLEARFIELD,265614
PA,BEDFORD,258604
PA,HUNTINGDON,239488
PA,SNYDER,235492
PA,SUSQUEHANNA,228088
PA,MC KEAN,201978
PA,JEFFERSON,197328
PA,PERRY,193866
PA,JUNIATA,173984
PA,WARREN,157048
PA,CLINTON,155080
PA,GREENE,146132
PA,PIKE,133710
PA,FULTON,130756
PA,CLARION,128566
PA,MONTOUR,124132
PA,ELK,98458
PA,POTTER,68610
PA,FOREST,38732
PA,CAMERON,11358
OH,CUYAHOGA,6563278
OH,FRANKLIN,5037830
OH,HAMILTON,4700786
OH,MONTGOMERY,3497170
OH,SUMMIT,3208900
OH,STARK,2290508
OH,LUCAS,2281110
OH,MAHONING,1801214
OH,LORAIN,1609146
OH,BUTLER,1566910
OH,TRUMBULL,1489236
OH,LAKE,1303168
OH,CLARK,1101854
OH,LICKING,938202
OH,DELAWARE,881426
OH,COLUMBIANA,871548
OH,PORTAGE,865644
OH,FAIRFIELD,861904
OH,ALLEN,849148
OH,TUSCARAWAS,790918
OH,WAYNE,713058
OH,WASHINGTON,703944
OH,SCIOTO,650792
OH,RICHLAND,632608
OH,WARREN,618340
OH,MEDINA,616470
OH,CLERMONT,610398
OH,WOOD,600644
OH,MARION,586198
OH,MUSKINGUM,554902
OH,ROSS,545478
OH,KNOX,518662
OH,GREENE,504552
OH,ASHTABULA,472522
OH,BROWN,468714
OH,JEFFERSON,440906
OH,SENECA,421762
OH,ERIE,416046
OH,AUGLAIZE,411558
OH,GEAUGA,391398
OH,MIAMI,386208
OH,PICKAWAY,344100
OH,WILLIAMS,336014
OH,HURON,333074
OH,CLINTON,329812
OH,GUERNSEY,310932
OH,HANCOCK,296842
OH,DARKE,284028
OH,ASHLAND,283140
OH,OTTAWA,281326
OH,PERRY,274314
OH,LAWRENCE,272104
OH,MERCER,256000
OH,CRAWFORD,248298
OH,SANDUSKY,248000
OH,COSHOCTON,225558
OH,UNION,218742
OH,SHELBY,212754
OH,FULTON,212698
OH,LOGAN,208632
OH,CHAMPAIGN,208616
OH,WYANDOT,205218
OH,CARROLL,195060
OH,HIGHLAND,188668
OH,FAYETTE,172314
OH,HOLMES,169782
OH,MADISON,168478
OH,ATHENS,157868
OH,BELMONT,157764
OH,PREBLE,156560
OH,JACKSON,124348
OH,HARDIN,123546
OH,HOCKING,118604
OH,DEFIANCE,117080
OH,PUTNAM,111882
OH,GALLIA,103494
OH,VINTON,93208
OH,PAULDING,91290
OH,MORROW,90790
OH,HENRY,85936
OH,VAN WERT,85628
OH,PIKE,79278
OH,MEIGS,69756
OH,ADAMS,57042
OH,MONROE,53428
OH,NOBLE,25820
OH,MORGAN,21828
OH,HARRISON,19278
MI,WAYNE,11050242
MI,OAKLAND,6262088
MI,MACOMB,4473982
MI,GENESEE,2574302
MI,KENT,2383592
MI,KALAMAZOO,1572322
MI,INGHAM,1365526
MI,SAGINAW,1325082
MI,OTTAWA,1151402
MI,BERRIEN,1141214
MI,WASHTENAW,1091102
MI,MUSKEGON,1027546
MI,MONROE,887894
MI,LIVINGSTON,858688
MI,JACKSON,764716
MI,GRAND TRAVERSE,666002
MI,ST. CLAIR,653742
MI,LENAWEE,598530
MI,BAY,559760
MI,OCEANA,501022
MI,ALLEGAN,485494
MI,CALHOUN,475058
MI,MARQUETTE,468522
MI,HURON,459044
MI,NEWAYGO,442160
MI,VAN BUREN,426390
MI,CLINTON,417090
MI,OGEMAW,401440
MI,TUSCOLA,375122
MI,IOSCO,372144
MI,MONTCALM,366166
MI,LAPEER,365472
MI,EATON,357516
MI,OSCEOLA,354102
MI,MACKINAC,329860
MI,BRANCH,328292
MI,WEXFORD,326242
MI,CHIPPEWA,323756
MI,PRESQUE ISLE,301950
MI,GRATIOT,299628
MI,ISABELLA,286908
MI,SHIAWASSEE,279946
MI,SANILAC,279126
MI,MONTMORENCY,277664
MI,ST. JOSEPH,271504
MI,MASON,270762
MI,MIDLAND,267420
MI,DELTA,248438
MI,ANTRIM,247612
MI,DICKINSON,242530
MI,BENZIE,227206
MI,GLADWIN,223462
MI,LEELANAU,216600
MI,CASS,213102
MI,ALCONA,208578
MI,MECOSTA,205852
MI,MANISTEE,202976
MI,IONIA,195074
MI,HOUGHTON,192168
MI,MISSAUKEE,191158
MI,HILLSDALE,185388
MI,BARRY,168140
MI,MENOMINEE,168132
MI,ARENAC,161090
MI,ROSCOMMON,156080
MI,GOGEBIC,152050
MI,CRAWFORD,142782
MI,CHARLEVOIX,141538
MI,ALGER,133852
MI,ALPENA,127302
MI,EMMET,111414
MI,SCHOOLCRAFT,101436
MI,IRON,97044
MI,CHEBOYGAN,85926
MI,OTSEGO,77148
MI,CLARE,72816
MI,LAKE,66060
MI,ONTONAGON,49324
MI,KALKASKA,34294
MI,OSCODA,21010
MI,BARAGA,20010
MI,LUCE,12558
MI,KEWEENAW,6250
NC,WAKE,3955550
NC,MECKLENBURG,2967734
NC,GUILFORD,2536504
NC,FORSYTH,1415802
NC,BUNCOMBE,1344022
NC,CUMBERLAND,1327696
NC,GASTON,1306186
NC,NEW HANOVER,1215350
NC,UNION,1029926
NC,CRAVEN,948198
NC,IREDELL,919198
NC,DAVIDSON,885422
NC,ALAMANCE,883764
NC,DURHAM,880332
NC,CABARRUS,875140
NC,MOORE,870450
NC,BRUNSWICK,862474
NC,ROWAN,858806
NC,HENDERSON,848084
NC,CLEVELAND,839978
NC,CATAWBA,818736
NC,RANDOLPH,806250
NC,ROBESON,702928
NC,COLUMBUS,675932
NC,PITT,671302
NC,ONSLOW,668808
NC,LINCOLN,666174
NC,JOHNSTON,645734
NC,SURRY,625074
NC,HARNETT,602340
NC,ROCKINGHAM,591218
NC,ORANGE,560900
NC,VANCE,538958
NC,WAYNE,532292
NC,BEAUFORT,525430
NC,STANLY,466512
NC,CALDWELL,451070
NC,RICHMOND,440040
NC,BURKE,436960
NC,NASH,433316
NC,SAMPSON,426202
NC,RUTHERFORD,424132
NC,STOKES,406938
NC,HAYWOOD,384592
NC,CARTERET,383324
NC,DUPLIN,342996
NC,ASHE,318110
NC,WILSON,313380
NC,WILKES,303558
NC,CHATHAM,298588
NC,MARTIN,290130
NC,BLADEN,278362
NC,ALLEGHANY,275790
NC,LEE,271558
NC,MACON,255460
NC,YADKIN,254780
NC,MITCHELL,254568
NC,EDGECOMBE,252918
NC,WATAUGA,252270
NC,NORTHAMPTON,238866
NC,ANSON,233540
NC,LENOIR,229168
NC,POLK,213474
NC,HALIFAX,207906
NC,WASHINGTON,194216
NC,DAVIE,176244
NC,PENDER,174232
NC,FRANKLIN,172120
NC,JACKSON,166128
NC,CHOWAN,159416
NC,SCOTLAND,157734
NC,PERSON,156058
NC,TRANSYLVANIA,153778
NC,GRANVILLE,143904
NC,DARE,142414
NC,ALEXANDER,141706
NC,MC DOWELL,136138
NC,CASWELL,119726
NC,HERTFORD,117074
NC,JONES,115576
NC,YANCEY,112614
NC,BERTIE,111670
NC,TYRRELL,96034
NC,CHEROKEE,92168
NC,PASQUOTANK,88762
NC,AVERY,88020
NC,MADISON,74404
NC,HOKE,73872
NC,GREENE,64306
NC,SWAIN,59506
NC,WARREN,56306
NC,GRAHAM,47020
NC,CURRITUCK,45978
NC,CLAY,39214
NC,MONTGOMERY,34670
NC,PAMLICO,25930
NC,GATES,24778
NC,CAMDEN,24162
NC,PERQUIMANS,10080
NC,HYDE,0
NJ,BERGEN,5218096
NJ,MIDDLESEX,4591436
NJ,OCEAN,4452176
NJ,MONMOUTH,4174912
NJ,ESSEX,3568028
NJ,CAMDEN,3170986
NJ,BURLINGTON,3125256
NJ,UNION,2756760
NJ,HUDSON,2460448
NJ,MORRIS,2450466
NJ,PASSAIC,2100458
NJ,MERCER,2018684
NJ,ATLANTIC,1675014
NJ,GLOUCESTER,1306764
NJ,SOMERSET,1211492
NJ,SUSSEX,1176168
NJ,CAPE MAY,922376
NJ,CUMBERLAND,780182
NJ,SALEM,708908
NJ,WARREN,705462
NJ,HUNTERDON,488760
GA,FULTON,3078244
GA,DE KALB,2633942
GA,COBB,2592700
GA,CHATHAM,1636134
GA,GWINNETT,1513188
GA,HALL,1233356
GA,MUSCOGEE,1067980
GA,BIBB,1022506
GA,RICHMOND,941090
GA,FORSYTH,852168
GA,GORDON,761478
GA,CHEROKEE,753498
GA,CLAYTON,751846
GA,DOUGHERTY,731466
GA,COWETA,719236
GA,HENRY,646114
GA,NEWTON,645028
GA,COLUMBIA,636580
GA,CARROLL,634210
GA,FLOYD,628412
GA,FAYETTE,567290
GA,WHITFIELD,547846
GA,THOMAS,523070
GA,DOUGLAS,508518
GA,GLYNN,456838
GA,LOWNDES,431926
GA,SPALDING,425748
GA,POLK,422186
GA,HOUSTON,419174
GA,TELFAIR,406144
GA,UNION,406046
GA,STEPHENS,390522
GA,CATOOSA,385528
GA,WALKER,368842
GA,WARE,364396
GA,TROUP,358782
GA,CLARKE,353550
GA,GILMER,312824
GA,PIERCE,311776
GA,PAULDING,304668
GA,MADISON,302318
GA,TIFT,296030
GA,LAMAR,275352
GA,UPSON,267416
GA,WHITE,267180
GA,BARROW,251524
GA,CAMDEN,250054
GA,BERRIEN,240620
GA,JACKSON,224828
GA,WALTON,223754
GA,BULLOCH,218362
GA,SUMTER,210914
GA,EFFINGHAM,206102
GA,LAURENS,195910
GA,COFFEE,195112
GA,PEACH,187690
GA,PICKENS,186700
GA,GRADY,186594
GA,BARTOW,185330
GA,BALDWIN,181608
GA,HABERSHAM,174418
GA,MACON,167702
GA,ROCKDALE,164122
GA,RABUN,160834
GA,EARLY,156460
GA,BUTTS,153786
GA,TOWNS,152124
GA,DOOLY,152122
GA,ELBERT,151568
GA,PULASKI,146698
GA,GREENE,139742
GA,WAYNE,137214
GA,WORTH,135024
GA,PUTNAM,132380
GA,CRISP,129626
GA,BEN HILL,129376
GA,DECATUR,127492
GA,TAYLOR,126362
GA,CHATTOOGA,125246
GA,SEMINOLE,123734
GA,JEFFERSON,121984
GA,WASHINGTON,121870
GA,LEE,118544
GA,BRANTLEY,117926
GA,FANNIN,115484
GA,COLQUITT,112174
GA,HARALSON,109872
GA,APPLING,106704
GA,MITCHELL,105724
GA,IRWIN,103664
GA,BROOKS,101690
GA,BURKE,97158
GA,DADE,96454
GA,COOK,95580
GA,CALHOUN,94770
GA,HEARD,93672
GA,TATTNALL,93138
GA,JEFF DAVIS,92378
GA,LINCOLN,89376
GA,DODGE,85880
GA,TOOMBS,85872
GA,BACON,83532
GA,LIBERTY,81868
GA,MURRAY,79486
GA,CHARLTON,77248
GA,LONG,75802
GA,MONROE,73512
GA,FRANKLIN,72616
GA,DAWSON,71276
GA,PIKE,69932
GA,WILKINSON,68706
GA,MERIWETHER,68440
GA,TERRELL,66812
GA,JASPER,65312
GA,LUMPKIN,63838
GA,MC DUFFIE,61790
GA,LANIER,61650
GA,EMANUEL,60918
GA,STEWART,58872
GA,JONES,58190
GA,HART,57522
GA,MORGAN,57486
GA,HANCOCK,54300
GA,JOHNSON,51448
GA,OCONEE,46998
GA,TURNER,46942
GA,RANDOLPH,40898
GA,BANKS,40664
GA,BRYAN,39218
GA,MC INTOSH,38596
GA,HARRIS,32108
GA,SCREVEN,30918
GA,CANDLER,30050
GA,TALBOT,28868
GA,MONTGOMERY,28734
GA,TWIGGS,26214
GA,TALIAFERRO,25550
GA,WILCOX,23308
GA,WARREN,22874
GA,EVANS,22500
GA,OGLETHORPE,19348
GA,CLAY,17814
GA,MILLER,14790
GA,SCHLEY,11690
GA,WHEELER,11400
GA,WILKES,10130
GA,MARION,8360
GA,GLASCOCK,6900
GA,ATKINSON,5690
GA,JENKINS,2660
GA,TREUTLEN,1280
GA,CHATTAHOOCHEE,980
GA,CLINCH,270
GA,BLECKLEY,0
VA,FAIRFAX,3018962
VA,VIRGINIA BEACH CITY,2062104
VA,RICHMOND CITY,1771508
VA,CHESTERFIELD,1658088
VA,HENRICO,1629616
VA,CHESAPEAKE CITY,1149820
VA,ROANOKE CITY,1057762
VA,NORFOLK CITY,936434
VA,NEWPORT NEWS CITY,878024
VA,LYNCHBURG CITY,870378
VA,PRINCE WILLIAM,750050
VA,HAMPTON CITY,745634
VA,PORTSMOUTH CITY,638944
VA,WASHINGTON,620470
VA,YORK,620402
VA,DANVILLE CITY,608346
VA,LOUDOUN,580780
VA,HALIFAX,558030
VA,ROCKINGHAM,530654
VA,HANOVER,527944
VA,BEDFORD,491330
VA,CHARLOTTESVILLE CITY,464348
VA,MANASSAS CITY,464086
VA,WISE,449210
VA,GILES,447564
VA,CARROLL,408594
VA,LOUISA,402948
VA,AMHERST,395138
VA,FREDERICK,389976
VA,SHENANDOAH,386714
VA,CAMPBELL,383028
VA,WAYNESBORO CITY,376544
VA,ALEXANDRIA CITY,374824
VA,ARLINGTON,361186
VA,PITTSYLVANIA,346338
VA,MONTGOMERY,342796
VA,ROANOKE,341354
VA,FAIRFAX CITY,333712
VA,ALBEMARLE,320124
VA,HOPEWELL CITY,316912
VA,WILLIAMSBURG CITY,302008
VA,TAZEWELL,292530
VA,FREDERICKSBURG CITY,292406
VA,STAUNTON CITY,286636
VA,BUCHANAN,280306
VA,WINCHESTER CITY,280028
VA,WYTHE,279672
VA,BOTETOURT,277862
VA,FAUQUIER,274694
VA,PETERSBURG CITY,273488
VA,BRUNSWICK,267488
VA,HENRY,249094
VA,AUGUSTA,249056
VA,RUSSELL,240162
VA,COVINGTON CITY,231626
VA,MARTINSVILLE CITY,231248
VA,MECKLENBURG,229572
VA,APPOMATTOX,227206
VA,PULASKI,222816
VA,CULPEPER,220664
VA,NORTHAMPTON,218444
VA,WESTMORELAND,216780
VA,PRINCE GEORGE,216664
VA,SUFFOLK CITY,211582
VA,ISLE OF WIGHT,208858
VA,PATRICK,208428
VA,POWHATAN,197228
VA,ORANGE,195950
VA,CLARKE,187798
VA,SALEM CITY,181756
VA,JAMES CITY,173580
VA,ACCOMACK,167556
VA,RADFORD CITY,158580
VA,STAFFORD,157838
VA,PAGE,157318
VA,MIDDLESEX,155824
VA,LEXINGTON CITY,155008
VA,SPOTSYLVANIA,153554
VA,GLOUCESTER,151708
VA,LEE,149188
VA,KING WILLIAM,147870
VA,CHARLOTTE,144124
VA,SMYTH,143984
VA,HARRISONBURG CITY,143554
VA,BRISTOL CITY,141356
VA,FRANKLIN,139768
VA,COLONIAL HEIGHTS CITY,135998
VA,ESSEX,135242
VA,FLUVANNA,125588
VA,GALAX CITY,107864
VA,BEDFORD CITY,104636
VA,EMPORIA CITY,104582
VA,LANCASTER,103156
VA,DINWIDDIE,101974
VA,KING GEORGE,101858
VA,PRINCE EDWARD,101414
VA,SUSSEX,87890
VA,NOTTOWAY,87038
VA,NORTHUMBERLND,85500
VA,NEW KENT,84648
VA,MADISON,81400
VA,FALLS CHURCH CITY,72102
VA,GRAYSON,70802
VA,SOUTHAMPTON,68112
VA,DICKENSON,68104
VA,BLAND,66484
VA,NELSON,66334
VA,FRANKLIN CITY,64590
VA,GOOCHLAND,54548
VA,LUNENBURG,52934
VA,RAPPAHANNOCK,52566
VA,WARREN,52140
VA,BUCKINGHAM,46214
VA,BATH,42636
VA,CHARLES CITY,41790
VA,CAROLINE,36944
VA,ROCKBRIDGE,34394
VA,GREENE,31438
VA,RICHMOND,29544
VA,BUENA VISTA CITY,25454
VA,GREENSVILLE,24868
VA,AMELIA,18850
VA,CRAIG,18360
VA,KING AND QUEEN,17298
VA,POQUOSON,13350
VA,SURRY,10600
VA,MATHEWS,7510
VA,CUMBERLAND,1730
VA,FLOYD,20
TN,SHELBY,3743544
TN,DAVIDSON,2569360
TN,KNOX,2389118
TN,HAMILTON,2367044
TN,SULLIVAN,1405736
TN,SUMNER,929918
TN,SEVIER,887234
TN,WASHINGTON,838964
TN,CUMBERLAND,799260
TN,BLOUNT,786906
TN,MAURY,758364
TN,MADISON,752894
TN,WILSON,636850
TN,RUTHERFORD,636534
TN,LINCOLN,602010
TN,BRADLEY,569668
TN,WILLIAMSON,566112
TN,TIPTON,558184
TN,WARREN,517274
TN,GREENE,506588
TN,GIBSON,498808
TN,COFFEE,490920
TN,PUTNAM,480798
TN,MC MINN,443062
TN,LOUDON,428756
TN,HENRY,424774
TN,ROBERTSON,424704
TN,LAWRENCE,419516
TN,HAWKINS,412652
TN,MONTGOMERY,371726
TN,GRUNDY,364836
TN,ANDERSON,331602
TN,DYER,330052
TN,OVERTON,329682
TN,CAMPBELL,321620
TN,COCKE,311282
TN,CARTER,307394
TN,HAMBLEN,307088
TN,BEDFORD,300910
TN,SCOTT,299950
TN,JEFFERSON,285130
TN,CLAIBORNE,279232
TN,WEAKLEY,270700
TN,MONROE,261820
TN,ROANE,261814
TN,CARROLL,235376
TN,MC NAIRY,231074
TN,CHEATHAM,227156
TN,RHEA,226812
TN,OBION,177112
TN,JOHNSON,170752
TN,HICKMAN,166042
TN,HARDIN,162484
TN,HUMPHREYS,156170
TN,UNICOI,152346
TN,MARION,150868
TN,STEWART,148140
TN,GRAINGER,143190
TN,DECATUR,142002
TN,BENTON,139856
TN,CHESTER,139832
TN,FAYETTE,136008
TN,GILES,132840
TN,FRANKLIN,131304
TN,DICKSON,124542
TN,SMITH,117586
TN,HOUSTON,116614
TN,CANNON,113124
TN,MARSHALL,111702
TN,MORGAN,109300
TN,LAUDERDALE,102958
TN,FENTRESS,93186
TN,PERRY,92268
TN,HANCOCK,91316
TN,POLK,82936
TN,CLAY,82322
TN,HENDERSON,75184
TN,HARDEMAN,72782
TN,JACKSON,71098
TN,MACON,64254
TN,WHITE,64208
TN,DE KALB,63444
TN,UNION,56364
TN,VAN BUREN,50018
TN,SEQUATCHIE,49048
TN,PICKETT,40086
TN,MEIGS,38600
TN,WAYNE,25920
TN,BLEDSOE,24740
TN,HAYWOOD,24278
TN,TROUSDALE,21048
TN,CROCKETT,19530
TN,LEWIS,9270
TN,LAKE,1960
TN,MOORE,1090
MA,MIDDLESEX,8027680
MA,WORCESTER,4315754
MA,ESSEX,3799504
MA,NORFOLK,3406486
MA,PLYMOUTH,3356772
MA,BRISTOL,3315962
MA,SUFFOLK,3113914
MA,HAMPDEN,2979434
MA,BARNSTABLE,1433914
MA,BERKSHIRE,851754
MA,HAMPSHIRE,723746
MA,FRANKLIN,340902
MA,DUKES,123266
MA,NANTUCKET,920
IN,MARION,4352366
IN,LAKE,3167816
IN,ST. JOSEPH,1674578
IN,ALLEN,1327838
IN,ELKHART,1084880
IN,VANDERBURGH,1014628
IN,MADISON,998426
IN,DELAWARE,989808
IN,PORTER,865786
IN,TIPPECANOE,808434
IN,CLARK,751684
IN,HENDRICKS,653828
IN,HOWARD,652928
IN,JOHNSON,633314
IN,LA PORTE,613032
IN,MONROE,554980
IN,HAMILTON,542470
IN,GRANT,494950
IN,BARTHOLOMEW,482166
IN,HARRISON,450534
IN,KOSCIUSKO,414266
IN,BOONE,411202
IN,LAWRENCE,371534
IN,WAYNE,369914
IN,MORGAN,369470
IN,MIAMI,358792
IN,WASHINGTON,357422
IN,FLOYD,356482
IN,VIGO,348744
IN,JEFFERSON,326208
IN,KNOX,323872
IN,ORANGE,307312
IN,FAYETTE,305890
IN,RIPLEY,282006
IN,HENRY,270236
IN,STARKE,263176
IN,WARRICK,262084
IN,HANCOCK,261546
IN,GIBSON,249700
IN,CASS,248508
IN,DUBOIS,244796
IN,FOUNTAIN,243520
IN,MONTGOMERY,228280
IN,POSEY,217296
IN,WABASH,212708
IN,PARKE,212590
IN,HUNTINGTON,198896
IN,VERMILLION,195116
IN,STEUBEN,191518
IN,WHITLEY,190880
IN,DEARBORN,187608
IN,SPENCER,176896
IN,RANDOLPH,176380
IN,PUTNAM,175192
IN,MARTIN,169074
IN,JASPER,167356
IN,GREENE,165382
IN,DE KALB,161316
IN,PIKE,160826
IN,MARSHALL,158198
IN,OWEN,147844
IN,ADAMS,141660
IN,JACKSON,141374
IN,TIPTON,138326
IN,LAGRANGE,135848
IN,PERRY,129340
IN,FULTON,129172
IN,DAVIESS,127856
IN,CLAY,124512
IN,WELLS,123446
IN,BLACKFORD,115430
IN,JENNINGS,111012
IN,SHELBY,110638
IN,SWITZERLAND,91364
IN,PULASKI,87554
IN,CARROLL,80122
IN,JAY,77092
IN,CLINTON,74892
IN,WHITE,72846
IN,SCOTT,67982
IN,FRANKLIN,64992
IN,NOBLE,59972
IN,WARREN,55830
IN,DECATUR,55636
IN,RUSH,47474
IN,CRAWFORD,45970
IN,SULLIVAN,14700
IN,BROWN,10620
IN,BENTON,4020
IN,OHIO,0
MO,ST. LOUIS,5772280
MO,JACKSON,3396324
MO,GREENE,1874072
MO,ST. CHARLES,1835276
MO,ST. LOUIS CITY,1515586
MO,JASPER,1100120
MO,JEFFERSON,856360
MO,CLAY,743276
MO,FRANKLIN,616768
MO,LAFAYETTE,524092
MO,ST. FRANCOIS,478610
MO,PHELPS,445008
MO,BOONE,423174
MO,WRIGHT,417782
MO,BUCHANAN,372454
MO,MILLER,363556
MO,HOWELL,358766
MO,TANEY,345432
MO,WEBSTER,338726
MO,CALLAWAY,337390
MO,STONE,327634
MO,CAPE GIRARDEAU,327194
MO,CASS,317762
MO,PLATTE,311958
MO,POLK,302480
MO,CHRISTIAN,302454
MO,NEWTON,291344
MO,DUNKLIN,285802
MO,SALINE,275996
MO,RAY,275462
MO,LACLEDE,274506
MO,CAMDEN,273312
MO,COLE,247152
MO,LINCOLN,245152
MO,STODDARD,241272
MO,CLINTON,226206
MO,BUTLER,223168
MO,PETTIS,222708
MO,BARRY,220220
MO,MORGAN,216886
MO,MONITEAU,214448
MO,GASCONADE,213234
MO,OSAGE,210954
MO,MONTGOMERY,175840
MO,MARION,169084
MO,LEWIS,165458
MO,CARROLL,164574
MO,NODAWAY,162404
MO,IRON,162012
MO,DALLAS,155560
MO,HENRY,153216
MO,JOHNSON,149970
MO,SCOTT,147634
MO,BENTON,144598
MO,RANDOLPH,137364
MO,WAYNE,127920
MO,AUDRAIN,126274
MO,COOPER,124500
MO,TEXAS,123054
MO,CRAWFORD,122534
MO,BATES,115670
MO,NEW MADRID,115346
MO,ST. CLAIR,111662
MO,HICKORY,111272
MO,MC DONALD,108490
MO,DENT,107514
MO,PUTNAM,105728
MO,PEMISCOT,105144
MO,PULASKI,104666
MO,DE KALB,102858
MO,LIVINGSTON,102128
MO,OREGON,100510
MO,BOLLINGER,94272
MO,HOWARD,90100
MO,CARTER,86462
MO,CEDAR,79780
MO,WASHINGTON,79122
MO,RALLS,78634
MO,HOLT,77696
MO,VERNON,77142
MO,WARREN,74342
MO,CALDWELL,70066
MO,MONROE,67882
MO,HARRISON,65324
MO,LAWRENCE,62608
MO,MARIES,61056
MO,MADISON,58976
MO,SULLIVAN,58320
MO,ANDREW,51758
MO,CHARITON,49702
MO,GRUNDY,47684
MO,STE. GENEVIEVE,45506
MO,OZARK,44846
MO,RIPLEY,43458
MO,PIKE,42790
MO,DAVIESS,40902
MO,REYNOLDS,39170
MO,DOUGLAS,35364
MO,PERRY,30628
MO,ATCHISON,29446
MO,ADAIR,28982
MO,MACON,28060
MO,GENTRY,25374
MO,CLARK,24726
MO,BARTON,23200
MO,SCHUYLER,21048
MO,SHANNON,16638
MO,DADE,14414
MO,MISSISSIPPI,13260
MO,LINN,10080
MO,SHELBY,8530
MO,MERCER,6190
MO,SCOTLAND,6030
AL,JEFFERSON,4149790
AL,MOBILE,2926764
AL,MADISON,2381628
AL,MONTGOMERY,1333194
AL,BALDWIN,1126786
AL,MARSHALL,965310
AL,ETOWAH,946468
AL,TALLADEGA,806320
AL,LAUDERDALE,798330
AL,CALHOUN,692332
AL,TUSCALOOSA,688444
AL,MORGAN,685490
AL,RUSSELL,639442
AL,DE KALB,611058
AL,COLBERT,569588
AL,WALKER,548466
AL,SHELBY,542630
AL,ELMORE,540886
AL,CULLMAN,536790
AL,LEE,531326
AL,DALE,471618
AL,COVINGTON,457860
AL,HOUSTON,421110
AL,FRANKLIN,420044
AL,LIMESTONE,393572
AL,DALLAS,391276
AL,PICKENS,362926
AL,PIKE,355482
AL,CHAMBERS,318664
AL,RANDOLPH,286982
AL,TALLAPOOSA,286066
AL,JACKSON,282486
AL,ST. CLAIR,275030
AL,CLEBURNE,249480
AL,AUTAUGA,229914
AL,MARION,228524
AL,BIBB,228450
AL,ESCAMBIA,224246
AL,CHILTON,212124
AL,WINSTON,188410
AL,BARBOUR,158814
AL,CLARKE,156828
AL,CHEROKEE,152512
AL,FAYETTE,150282
AL,BUTLER,149922
AL,CHOCTAW,148100
AL,SUMTER,134824
AL,MACON,133042
AL,COFFEE,131120
AL,MONROE,122386
AL,MARENGO,121142
AL,PERRY,117888
AL,BLOUNT,112460
AL,LOWNDES,106714
AL,CLAY,104764
AL,HALE,83842
AL,LAWRENCE,74974
AL,GENEVA,72208
AL,HENRY,65638
AL,WILCOX,62498
AL,CRENSHAW,59568
AL,CONECUH,57858
AL,WASHINGTON,53530
AL,COOSA,49904
AL,LAMAR,46048
AL,GREENE,39108
AL,BULLOCK,6530
SC,GREENVILLE,3673056
SC,ANDERSON,2084210
SC,SPARTANBURG,1921732
SC,CHARLESTON,1832028
SC,HORRY,1744082
SC,RICHLAND,1632822
SC,AIKEN,1377272
SC,FLORENCE,1324842
SC,YORK,1274486
SC,OCONEE,974796
SC,BERKELEY,927706
SC,LEXINGTON,907108
SC,BEAUFORT,783570
SC,DORCHESTER,748440
SC,SUMTER,699730
SC,GEORGETOWN,678344
SC,CHESTERFIELD,541418
SC,PICKENS,516676
SC,ORANGEBURG,511966
SC,ABBEVILLE,461292
SC,GREENWOOD,431998
SC,UNION,424144
SC,LANCASTER,420314
SC,FAIRFIELD,404784
SC,COLLETON,389206
SC,CLARENDON,368662
SC,CHESTER,323384
SC,DILLON,305080
SC,LAURENS,292860
SC,KERSHAW,283892
SC,EDGEFIELD,279108
SC,NEWBERRY,261656
SC,DARLINGTON,237136
SC,CHEROKEE,228852
SC,MCCORMICK,197326
SC,HAMPTON,191308
SC,WILLIAMSBURG,153518
SC,BARNWELL,153420
SC,MARLBORO,147286
SC,SALUDA,115116
SC,MARION,110242
SC,BAMBERG,96248
SC,JASPER,48478
SC,CALHOUN,45998
SC,ALLENDALE,45228
SC,LEE,14190
MD,BALTIMORE,4549888
MD,MONTGOMERY,4230264
MD,PRINCE GEORGES,3672122
MD,BALTIMORE CITY,3306042
MD,ANNE ARUNDEL,2517880
MD,FREDERICK,1414786
MD,HARFORD,1235540
MD,CARROLL,1127714
MD,HOWARD,915106
MD,TALBOT,859620
MD,ALLEGANY,827482
MD,CALVERT,666060
MD,WASHINGTON,603598
MD,CHARLES,575796
MD,WICOMICO,512062
MD,WORCESTER,453070
MD,CECIL,389406
MD,QUEEN ANNES,317424
MD,ST. MARYS,271094
MD,SOMERSET,255642
MD,GARRETT,252412
MD,CAROLINE,170774
MD,KENT,166242
MD,DORCHESTER,146858
KY,JEFFERSON,4524192
KY,FAYETTE,1047496
KY,PIKE,959276
KY,KENTON,787430
KY,BARREN,733376
KY,MC CRACKEN,715790
KY,HOPKINS,624316
KY,PULASKI,603184
KY,HARDIN,557570
KY,DAVIESS,531322
KY,BULLITT,521442
KY,LINCOLN,472286
KY,WARREN,471468
KY,MERCER,471196
KY,MARSHALL,465810
KY,MADISON,459018
KY,FRANKLIN,441902
KY,CLARK,429286
KY,NELSON,397624
KY,BOYD,396580
KY,ALLEN,383712
KY,LAUREL,382510
KY,LETCHER,372270
KY,CAMPBELL,356172
KY,CHRISTIAN,344696
KY,JESSAMINE,327690
KY,CALLOWAY,326958
KY,BOYLE,318592
KY,GREENUP,303804
KY,LAWRENCE,282238
KY,CARROLL,274308
KY,PERRY,269790
KY,BOONE,253728
KY,HARLAN,243530
KY,HENDERSON,239330
KY,GRANT,232904
KY,BELL,231624
KY,TAYLOR,220436
KY,FLEMING,219638
KY,UNION,219620
KY,RUSSELL,214216
KY,WHITLEY,200134
KY,GRAVES,199814
KY,GREEN,197370
KY,FLOYD,197058
KY,ADAIR,195006
KY,MASON,190372
KY,WAYNE,181772
KY,MONTGOMERY,178048
KY,LESLIE,175984
KY,MUHLENBERG,172210
KY,CLAY,165248
KY,PENDLETON,161100
KY,CLINTON,151196
KY,KNOX,149858
KY,MONROE,148160
KY,LYON,145564
KY,CALDWELL,142892
KY,SPENCER,142712
KY,OHIO,139068
KY,SHELBY,139066
KY,ROWAN,134708
KY,OLDHAM,132646
KY,MARION,131024
KY,SCOTT,130978
KY,JOHNSON,123492
KY,ROCKCASTLE,119644
KY,LOGAN,118632
KY,OWEN,118564
KY,WASHINGTON,110452
KY,CUMBERLAND,109098
KY,LARUE,106734
KY,MORGAN,99122
KY,GRAYSON,96228
KY,EDMONSON,95030
KY,ANDERSON,94360
KY,TRIGG,89392
KY,CASEY,86450
KY,MAGOFFIN,84200
KY,BRECKINRIDGE,83334
KY,GARRARD,83020
KY,HART,78758
KY,WEBSTER,74640
KY,METCALFE,74154
KY,BALLARD,72490
KY,BRACKEN,72332
KY,HARRISON,71346
KY,HENRY,71288
KY,BUTLER,71142
KY,WOODFORD,69902
KY,BATH,69436
KY,MC CREARY,68054
KY,BOURBON,65616
KY,JACKSON,64272
KY,HANCOCK,58190
KY,BREATHITT,54044
KY,FULTON,52480
KY,CARLISLE,47102
KY,ESTILL,43370
KY,MARTIN,43358
KY,KNOTT,42254
KY,CARTER,40570
KY,POWELL,36490
KY,LEE,36168
KY,GALLATIN,33120
KY,TODD,32480
KY,SIMPSON,30960
KY,MC LEAN,30948
KY,NICHOLAS,25990
KY,LEWIS,25770
KY,OWSLEY,22090
KY,LIVINGSTON,13440
KY,WOLFE,9870
KY,ROBERTSON,5630
KY,MEADE,5060
KY,MENIFEE,4650
KY,ELLIOTT,4420
KY,CRITTENDEN,190
KY,HICKMAN,20
WA,KING,7576592
WA,PIERCE,2891026
WA,SPOKANE,2227396
WA,SNOHOMISH,2149266
WA,CLARK,1548124
WA,WHATCOM,1114136
WA,THURSTON,1097060
WA,KITSAP,1004910
WA,CLALLAM,842924
WA,YAKIMA,789768
WA,SKAGIT,786466
WA,COWLITZ,637218
WA,GRAYS HARBOR,512226
WA,BENTON,491542
WA,WALLA WALLA,454602
WA,LEWIS,446974
WA,ISLAND,394126
WA,WHITMAN,369604
WA,GRANT,296348
WA,MASON,279878
WA,STEVENS,258586
WA,OKANOGAN,251930
WA,DOUGLAS,239386
WA,JEFFERSON,226354
WA,ASOTIN,213738
WA,CHELAN,211484
WA,KLICKITAT,162844
WA,KITTITAS,134424
WA,SAN JUAN,115568
WA,PACIFIC,98758
WA,LINCOLN,98548
WA,FRANKLIN,93234
WA,FERRY,44928
WA,ADAMS,36860
WA,WAHKIAKUM,28440
WA,PEND OREILLE,24854
WA,GARFIELD,6060
WA,COLUMBIA,2090
WI,MILWAUKEE,3592706
WI,DANE,2014826
WI,WAUKESHA,1583836
WI,OUTAGAMIE,918604
WI,KENOSHA,861508
WI,ROCK,860002
WI,RACINE,737714
WI,WASHINGTON,664274
WI,BROWN,652592
WI,MARATHON,620946
WI,WINNEBAGO,596458
WI,WOOD,540196
WI,JEFFERSON,509048
WI,EAU CLAIRE,498050
WI,MANITOWOC,492122
WI,COLUMBIA,465196
WI,WALWORTH,455484
WI,PORTAGE,455168
WI,TREMPEALEAU,357824
WI,SAUK,357468
WI,FOND DU LAC,357268
WI,CHIPPEWA,345424
WI,ASHLAND,342520
WI,WAUPACA,339962
WI,VILAS,323836
WI,LANGLADE,311432
WI,ST. CROIX,304754
WI,SHAWANO,300372
WI,OCONTO,299840
WI,BAYFIELD,294326
WI,DODGE,267586
WI,SHEBOYGAN,245818
WI,TAYLOR,242646
WI,VERNON,239392
WI,CALUMET,236814
WI,JUNEAU,233360
WI,OZAUKEE,231910
WI,BURNETT,219768
WI,ONEIDA,218582
WI,LINCOLN,216618
WI,LA CROSSE,213200
WI,WASHBURN,211942
WI,BARRON,195740
WI,DOOR,186548
WI,DOUGLAS,185474
WI,POLK,185158
WI,FOREST,179674
WI,PIERCE,154942
WI,GREEN LAKE,143654
WI,MARQUETTE,140398
WI,CLARK,133936
WI,MONROE,133234
WI,MARINETTE,117372
WI,GRANT,102426
WI,DUNN,100200
WI,KEWAUNEE,100176
WI,WAUSHARA,92802
WI,BUFFALO,83220
WI,PRICE,81838
WI,ADAMS,74968
WI,IOWA,72236
WI,PEPIN,70978
WI,RICHLAND,63524
WI,IRON,44612
WI,GREEN,44304
WI,MENOMONEE,38444
WI,JACKSON,31538
WI,CRAWFORD,26608
WI,SAWYER,21950
WI,LAFAYETTE,15130
WI,FLORENCE,14600
WI,RUSK,4520
AZ,MARICOPA,14346216
AZ,PIMA,4415360
AZ,MOHAVE,1327538
AZ,YAVAPAI,1212612
AZ,PINAL,1023976
AZ,YUMA,850404
AZ,COCONINO,554636
AZ,COCHISE,436516
AZ,GILA,379370
AZ,NAVAJO,355726
AZ,APACHE,222316
AZ,SANTA CRUZ,191866
AZ,LAPAZ,149166
AZ,GRAHAM,105246
LA,JEFFERSON,2325262
LA,E. BATON ROUGE,2133724
LA,ORLEANS,2067486
LA,CADDO,2034750
LA,RAPIDES,1330594
LA,OUACHITA,1329578
LA,LAFAYETTE,1128186
LA,ST. TAMMANY,1030306
LA,TERREBONNE,874364
LA,CALCASIEU,856330
LA,BOSSIER,675308
LA,TANGIPAHOA,597628
LA,ACADIA,546340
LA,VERMILION,395698
LA,ST. CHARLES,358480
LA,LIVINGSTON,346344
LA,JEFFRSON DAVIS,310494
LA,MOREHOUSE,298842
LA,NATCHITOCHES,293582
LA,FRANKLIN,291368
LA,IBERIA,287822
LA,ST. MARY,273034
LA,LINCOLN,265994
LA,ASCENSION,259640
LA,LAFOURCHE,250934
LA,ST. MARTIN,241564
LA,EAST CARROLL,223698
LA,ST. JOHN BAPTIST,206264
LA,POINTE COUPEE,186730
LA,ALLEN,176020
LA,WASHINGTON,174016
LA,ST. BERNARD,170950
LA,AVOYELLES,167814
LA,EAST FELICIANA,165320
LA,DE SOTO,163386
LA,EVANGELINE,162584
LA,ST. LANDRY,161396
LA,IBERVILLE,151838
LA,WEBSTER,146338
LA,ST. JAMES,143300
LA,BEAUREGARD,137778
LA,W. BATON ROUGE,128494
LA,GRANT,121600
LA,UNION,120828
LA,WINN,116774
LA,ASSUMPTION,107010
LA,BIENVILLE,102894
LA,SABINE,94542
LA,MADISON,93262
LA,CATAHOULA,88368
LA,VERNON,81726
LA,RED RIVER,76196
LA,CONCORDIA,71244
LA,WEST FELICIANA,63038
LA,RICHLAND,61204
LA,CALDWELL,30188
LA,WEST CARROLL,26050
LA,TENSAS,23310
LA,LA SALLE,22308
LA,PLAQUEMINES,20160
LA,CLAIBORNE,17500
LA,JACKSON,10790
LA,ST. HELENA,9808
MN,HENNEPIN,4690024
MN,RAMSEY,2703052
MN,ST. LOUIS,1209248
MN,DAKOTA,1040634
MN,ANOKA,1030108
MN,WASHINGTON,758282
MN,WRIGHT,590616
MN,OLMSTED,568256
MN,STEARNS,452022
MN,DOUGLAS,392854
MN,CROW WING,371286
MN,CARVER,336120
MN,BLUE EARTH,302344
MN,ITASCA,298798
MN,CHISAGO,290054
MN,CLAY,286682
MN,OTTER TAIL,284648
MN,FILLMORE,278606
MN,PINE,262348
MN,MORRISON,259732
MN,WINONA,249784
MN,GOODHUE,247974
MN,KANDIYOHI,234172
MN,CHIPPEWA,232800
MN,REDWOOD,230780
MN,STEVENS,221518
MN,FREEBORN,192124
MN,STEELE,185254
MN,ISANTI,177858
MN,AITKIN,177586
MN,SHERBURNE,170850
MN,MILLE LACS,167710
MN,MARTIN,157972
MN,CARLTON,155828
MN,CASS,151770
MN,LE SUEUR,151032
MN,LYON,150786
MN,BELTRAMI,148264
MN,SCOTT,144154
MN,KANABEC,122680
MN,DODGE,109996
MN,RICE,105080
MN,TODD,101368
MN,BECKER,100202
MN,HOUSTON,99254
MN,ROSEAU,97932
MN,FARIBAULT,97410
MN,NICOLLET,97100
MN,PIPESTONE,87912
MN,MC LEOD,84948
MN,MOWER,77386
MN,POPE,76276
MN,WATONWAN,75286
MN,BENTON,69974
MN,LINCOLN,69656
MN,HUBBARD,68902
MN,SWIFT,67046
MN,ROCK,63782
MN,NORMAN,60926
MN,BROWN,60098
MN,WADENA,59558
MN,SIBLEY,59124
MN,MEEKER,58212
MN,RED LAKE,55028
MN,WASECA,50358
MN,LAKE,45910
MN,MARSHALL,45798
MN,POLK,41724
MN,LAKE OF  WOODS,33098
MN,TRAVERSE,31108
MN,RENVILLE,30760
MN,COTTONWOOD,29664
MN,MAHNOMEN,28990
MN,LAC QUI PARLE,26554
MN,YELLOW MEDCINE,26110
MN,GRANT,20930
MN,MURRAY,15214
MN,NOBLES,8990
MN,CLEARWATER,8360
MN,COOK,5530
MN,JACKSON,5140
MN,KOOCHICHING,4730
MN,PENNINGTON,1100
MN,KITTSON,470
MN,WILKIN,210
MN,BIG STONE,0
OK,OKLAHOMA,4876018
OK,TULSA,3272788
OK,CLEVELAND,871980
OK,DELAWARE,508296
OK,COMANCHE,495538
OK,STEPHENS,470362
OK,MUSKOGEE,391046
OK,CARTER,370052
OK,WASHINGTON,345130
OK,CREEK,344238
OK,GARFIELD,341050
OK,KAY,336468
OK,PAYNE,327468
OK,MAYES,320856
OK,OTTAWA,318554
OK,LINCOLN,314054
OK,CANADIAN,309404
OK,PITTSBURG,307196
OK,ROGERS,304086
OK,BRYAN,285020
OK,SEQUOYAH,276686
OK,MCCURTAIN,264176
OK,SEMINOLE,261306
OK,GRADY,226996
OK,JACKSON,224082
OK,PONTOTOC,219338
OK,GARVIN,216764
OK,POTTAWATOMIE,216226
OK,LE FLORE,194022
OK,DEWEY,193936
OK,CHEROKEE,188454
OK,MCCLAIN,188068
OK,GREER,179468
OK,OKMULGEE,177034
OK,OKFUSKEE,168188
OK,MCINTOSH,160500
OK,CUSTER,154348
OK,WAGONER,153594
OK,JOHNSTON,150356
OK,HUGHES,147454
OK,WOODWARD,143310
OK,ATOKA,114272
OK,LOGAN,113444
OK,BEAVER,109190
OK,PAWNEE,105194
OK,BECKHAM,102874
OK,CADDO,92694
OK,MURRAY,88992
OK,KINGFISHER,81998
OK,ELLIS,73146
OK,MARSHALL,73126
OK,KIOWA,68058
OK,TILLMAN,61180
OK,HASKELL,60858
OK,OSAGE,57404
OK,LATIMER,56522
OK,NOBLE,56200
OK,CHOCTAW,53762
OK,COAL,53038
OK,TEXAS,46020
OK,WOODS,42828
OK,ALFALFA,42776
OK,LOVE,42746
OK,NOWATA,41928
OK,BLAINE,36776
OK,PUSHMATAHA,33528
OK,ROGER MILLS,30340
OK,COTTON,24580
OK,ADAIR,24510
OK,CRAIG,24108
OK,WASHITA,14830
OK,JEFFERSON,9360
OK,HARPER,7840
OK,HARMON,3500
OK,CIMARRON,3500
OK,MAJOR,3190
AR,PULASKI,1982296
AR,JEFFERSON,1033006
AR,BENTON,1022340
AR,GARLAND,926660
AR,WHITE,834432
AR,BAXTER,655108
AR,SEBASTIAN,603252
AR,WASHINGTON,574052
AR,POPE,555696
AR,SALINE,550162
AR,FAULKNER,504414
AR,CRAWFORD,473466
AR,LAWRENCE,460312
AR,UNION,452488
AR,CRITTENDEN,450552
AR,CRAIGHEAD,444888
AR,POINSETT,382654
AR,SHARP,378368
AR,MISSISSIPPI,371718
AR,COLUMBIA,337808
AR,BOONE,335596
AR,CLEBURNE,319186
AR,ST. FRANCIS,307422
AR,INDEPENDENCE,299712
AR,CARROLL,295360
AR,LOGAN,294098
AR,GREENE,277446
AR,YELL,247266
AR,SCOTT,226450
AR,JACKSON,223474
AR,CONWAY,223272
AR,OUACHITA,213910
AR,POLK,206664
AR,MILLER,190410
AR,HOWARD,182942
AR,LAFAYETTE,177740
AR,HOT SPRING,166126
AR,LEE,156138
AR,CROSS,151082
AR,DESHA,141786
AR,CLAY,141754
AR,LONOKE,137360
AR,BRADLEY,124758
AR,JOHNSON,121052
AR,PHILLIPS,118812
AR,GRANT,117230
AR,CLARK,101094
AR,VAN BUREN,98446
AR,CHICOT,97066
AR,SEVIER,92044
AR,IZARD,90356
AR,PERRY,87230
AR,HEMPSTEAD,84670
AR,MARION,83876
AR,FULTON,81614
AR,RANDOLPH,76214
AR,ARKANSAS,68276
AR,WOODRUFF,65014
AR,CLEVELAND,62006
AR,MONTGOMERY,54364
AR,ASHLEY,51672
AR,MADISON,51288
AR,DREW,47210
AR,STONE,45130
AR,FRANKLIN,43896
AR,MONROE,40974
AR,PRAIRIE,36192
AR,LINCOLN,31528
AR,CALHOUN,30434
AR,SEARCY,25414
AR,PIKE,23470
AR,LITTLE RIVER,16680
AR,DALLAS,13160
AR,NEVADA,9880
AR,NEWTON,1930
CT,HARTFORD,5619300
CT,FAIRFIELD,4781592
CT,NEW HAVEN,4325050
CT,LITCHFIELD,1233556
CT,NEW LONDON,1134780
CT,MIDDLESEX,829036
CT,TOLLAND,759238
CT,WINDHAM,526430
MS,HINDS,1698644
MS,JACKSON,1083794
MS,HARRISON,857662
MS,RANKIN,834614
MS,MADISON,703564
MS,DE SOTO,659562
MS,FORREST,610528
MS,PANOLA,575492
MS,JONES,480356
MS,ADAMS,477428
MS,WASHINGTON,440392
MS,NESHOBA,391884
MS,PIKE,364858
MS,LOWNDES,364444
MS,LEE,360610
MS,GEORGE,358052
MS,BOLIVAR,350242
MS,PEARL RIVER,348104
MS,SCOTT,321218
MS,MARSHALL,317664
MS,HANCOCK,315686
MS,LEFLORE,292990
MS,LAUDERDALE,291868
MS,CALHOUN,270412
MS,PRENTISS,266418
MS,LAFAYETTE,241792
MS,LAMAR,230424
MS,HOLMES,223264
MS,TIPPAH,222348
MS,ALCORN,217666
MS,MONROE,203290
MS,FRANKLIN,185788
MS,PONTOTOC,175152
MS,GRENADA,174000
MS,LEAKE,172274
MS,TATE,168088
MS,LINCOLN,162680
MS,COPIAH,161836
MS,MARION,159020
MS,CHICKASAW,152066
MS,WINSTON,146272
MS,WALTHALL,140376
MS,HUMPHREYS,140336
MS,CLARKE,140084
MS,WARREN,131572
MS,CARROLL,126330
MS,TALLAHATCHIE,126128
MS,CLAY,124594
MS,YAZOO,123460
MS,LAWRENCE,121968
MS,ITAWAMBA,119142
MS,OKTIBBEHA,117510
MS,UNION,111266
MS,SIMPSON,103910
MS,YALOBUSHA,101492
MS,TISHOMINGO,99686
MS,WEBSTER,95340
MS,AMITE,80960
MS,WAYNE,78664
MS,SUNFLOWER,75184
MS,NEWTON,68746
MS,NOXUBEE,67390
MS,SMITH,64894
MS,COAHOMA,59910
MS,GREENE,54590
MS,STONE,48682
MS,BENTON,33344
MS,MONTGOMERY,27470
MS,SHARKEY,27112
MS,JEFFERSON,26654
MS,ATTALA,25744
MS,KEMPER,24438
MS,JEFFERSON DAVIS,23210
MS,QUITMAN,21438
MS,CHOCTAW,18890
MS,JASPER,16780
MS,COVINGTON,11970
MS,CLAIBORNE,7630
MS,TUNICA,2380
MS,PERRY,0
MS,WILKINSON,0
IA,POLK,2070816
IA,SCOTT,1214224
IA,BLACK HAWK,779924
IA,LINN,715202
IA,DUBUQUE,552276
IA,POTTAWATTAMIE,511982
IA,STORY,490068
IA,FAYETTE,439100
IA,JOHNSON,430972
IA,CERRO GORDO,398314
IA,CLINTON,378012
IA,BREMER,361548
IA,SAC,351804
IA,WEBSTER,347838
IA,LEE,303384
IA,MUSCATINE,302448
IA,MARSHALL,284324
IA,AUDUBON,284074
IA,CLAYTON,278220
IA,POWESHIEK,267656
IA,WOODBURY,263012
IA,MARION,261428
IA,TAMA,255510
IA,CRAWFORD,254026
IA,WAPELLO,250184
IA,ALLAMAKEE,229474
IA,DICKINSON,229406
IA,MAHASKA,218056
IA,DES MOINES,217348
IA,JASPER,213542
IA,OBRIEN,204360
IA,LYON,195928
IA,HARDIN,176052
IA,WARREN,175720
IA,DALLAS,170410
IA,KOSSUTH,154784
IA,BOONE,144760
IA,BUTLER,142952
IA,HARRISON,140476
IA,WINNESHIEK,139520
IA,SIOUX,135926
IA,IOWA,134100
IA,PALO ALTO,130690
IA,BUCHANAN,123380
IA,MILLS,123212
IA,DAVIS,116100
IA,CEDAR,114420
IA,IDA,114282
IA,GUTHRIE,112586
IA,CALHOUN,111700
IA,DECATUR,106934
IA,CHICKASAW,103472
IA,CASS,102616
IA,HAMILTON,102604
IA,JONES,102048
IA,JEFFERSON,98758
IA,HOWARD,93326
IA,CHEROKEE,88814
IA,BENTON,88420
IA,MONTGOMERY,85058
IA,MADISON,81718
IA,GREENE,76320
IA,UNION,74204
IA,VAN BUREN,70524
IA,FRANKLIN,69530
IA,HUMBOLDT,68526
IA,CLAY,67972
IA,HANCOCK,67788
IA,BUENA VISTA,65052
IA,SHELBY,64738
IA,EMMET,62520
IA,APPANOOSE,61394
IA,WRIGHT,56360
IA,GRUNDY,53036
IA,CARROLL,52230
IA,POCAHONTAS,50818
IA,PAGE,44006
IA,FREMONT,36290
IA,MITCHELL,35820
IA,LUCAS,35196
IA,MONONA,32710
IA,FLOYD,32060
IA,ADAIR,32010
IA,CLARKE,30754
IA,KEOKUK,27200
IA,TAYLOR,24738
IA,JACKSON,23470
IA,PLYMOUTH,23130
IA,RINGGOLD,21958
IA,WINNEBAGO,18038
IA,MONROE,12860
IA,DELAWARE,12360
IA,HENRY,11830
IA,OSCEOLA,5170
IA,ADAMS,520
KS,SEDGWICK,2605062
KS,JOHNSON,2565980
KS,SHAWNEE,1398410
KS,WYANDOTTE,1028608
KS,RENO,659796
KS,BUTLER,568966
KS,DOUGLAS,494488
KS,SALINE,360106
KS,RILEY,339716
KS,MONTGOMERY,292998
KS,HARVEY,264090
KS,CRAWFORD,261650
KS,POTTAWATOMIE,241052
KS,LEAVENWORTH,230902
KS,LYON,226960
KS,WILSON,221318
KS,FINNEY,219228
KS,DICKINSON,200170
KS,JACKSON,195048
KS,COWLEY,191330
KS,ELLIS,186644
KS,RUSSELL,172992
KS,NEOSHO,168856
KS,FRANKLIN,168076
KS,COMANCHE,162974
KS,GEARY,161308
KS,SUMNER,144538
KS,STEVENS,124794
KS,MCPHERSON,124306
KS,ELK,122418
KS,MARION,121054
KS,PRATT,114800
KS,MIAMI,113736
KS,GRANT,113710
KS,JEFFERSON,107318
KS,LABETTE,101568
KS,ATCHISON,97772
KS,FORD,95942
KS,ALLEN,95924
KS,BOURBON,94432
KS,BARTON,91526
KS,STAFFORD,90494
KS,ELLSWORTH,90246
KS,CLOUD,89558
KS,TREGO,89078
KS,RAWLINS,88454
KS,HARPER,87942
KS,NORTON,82410
KS,SHERMAN,82116
KS,WOODSON,75268
KS,COFFEY,75016
KS,REPUBLIC,74238
KS,DONIPHAN,73260
KS,THOMAS,68810
KS,SEWARD,68660
KS,RICE,67492
KS,BROWN,66538
KS,PAWNEE,64074
KS,CHEROKEE,63834
KS,MARSHALL,58390
KS,OSBORNE,55558
KS,MITCHELL,53568
KS,MORRIS,53268
KS,GOVE,52304
KS,GRAHAM,50412
KS,WABAUNSEE,49322
KS,EDWARDS,47702
KS,NESS,44136
KS,OTTAWA,43174
KS,LINN,42258
KS,CLAY,41824
KS,MEADE,37820
KS,SMITH,37788
KS,OSAGE,35118
KS,KEARNY,32860
KS,HAMILTON,25398
KS,ANDERSON,22710
KS,CLARK,18020
KS,RUSH,15220
KS,WALLACE,15120
KS,CHEYENNE,14810
KS,KINGMAN,14230
KS,DECATUR,11970
KS,JEWELL,11060
KS,SHERIDAN,10540
KS,PHILLIPS,10160
KS,WASHINGTON,10130
KS,NEMAHA,8950
KS,LOGAN,8300
KS,GREENWOOD,7870
KS,HODGEMAN,6740
KS,ROOKS,6550
KS,WICHITA,3890
KS,GRAY,3280
KS,SCOTT,2280
KS,BARBER,980
KS,KIOWA,40
KS,LINCOLN,0
KS,CHASE,0
CO,DENVER,1964542
CO,EL PASO,1953644
CO,JEFFERSON,1640656
CO,BOULDER,1450754
CO,ARAPAHOE,1310212
CO,LARIMER,1223580
CO,ADAMS,1069796
CO,PUEBLO,840660
CO,WELD,581716
CO,MESA,572176
CO,GARFIELD,314990
CO,MONTROSE,312854
CO,DOUGLAS,262542
CO,OTERO,246690
CO,FREMONT,231924
CO,HUERFANO,165610
CO,DELTA,155866
CO,ROUTT,149168
CO,PITKIN,128486
CO,MONTEZUMA,118708
CO,LINCOLN,106746
CO,TELLER,106420
CO,LA PLATA,96986
CO,EAGLE,88186
CO,CHAFFEE,84006
CO,ARCHULETA,74846
CO,LOGAN,71942
CO,MORGAN,70120
CO,PARK,57358
CO,ELBERT,56958
CO,ALAMOSA,55676
CO,OURAY,53736
CO,BROOMFIELD,50318
CO,GRAND,50216
CO,WASHINGTON,49730
CO,KIT CARSON,44712
CO,CHEYENNE,39580
CO,SAGUACHE,37168
CO,SEDGWICK,32922
CO,BACA,31400
CO,GILPIN,30896
CO,RIO GRANDE,22500
CO,SAN MIGUEL,22020
CO,DOLORES,20518
CO,YUMA,18900
CO,CUSTER,15804
CO,BENT,13140
CO,LAS ANIMAS,13000
CO,PROWERS,12640
CO,MOFFAT,6680
CO,CLEAR CREEK,6670
CO,LAKE,3970
CO,CONEJOS,3510
CO,KIOWA,1760
CO,RIO BLANCO,470
CO,PHILLIPS,0
OR,MULTNOMAH,2763702
OR,CLACKAMAS,1242290
OR,WASHINGTON,1213880
OR,LANE,1181092
OR,MARION,1000970
OR,JACKSON,952064
OR,DESCHUTES,759110
OR,DOUGLAS,721230
OR,JOSEPHINE,703400
OR,LINN,566058
OR,COOS,481186
OR,POLK,393264
OR,YAMHILL,336154
OR,BENTON,263602
OR,LINCOLN,262058
OR,CLATSOP,222714
OR,MALHEUR,208626
OR,KLAMATH,189788
OR,UNION,186472
OR,UMATILLA,172872
OR,CURRY,159464
OR,BAKER,155136
OR,JEFFERSON,139806
OR,COLUMBIA,115418
OR,GRANT,103882
OR,TILLAMOOK,103430
OR,WASCO,68048
OR,CROOK,64578
OR,HOOD RIVER,36448
OR,WALLOWA,35788
OR,LAKE,12858
OR,MORROW,5320
OR,GILLIAM,4410
OR,HARNEY,3000
OR,SHERMAN,0
OR,WHEELER,0
WV,KANAWHA,1248788
WV,RALEIGH,968202
WV,CABELL,694044
WV,WOOD,667132
WV,MARION,603850
WV,MERCER,574066
WV,MONONGALIA,493826
WV,BERKELEY,413736
WV,OHIO,345638
WV,HARRISON,343176
WV,LEWIS,326470
WV,FAYETTE,323358
WV,MARSHALL,298790
WV,MINGO,297620
WV,WYOMING,296222
WV,MONROE,292958
WV,JACKSON,290790
WV,UPSHUR,266756
WV,MC DOWELL,263816
WV,LINCOLN,259802
WV,WAYNE,253476
WV,LOGAN,251964
WV,PUTNAM,244854
WV,RANDOLPH,214796
WV,RITCHIE,210920
WV,PRESTON,197910
WV,JEFFERSON,189186
WV,NICHOLAS,186014
WV,HANCOCK,170428
WV,GREENBRIER,168624
WV,HAMPSHIRE,157960
WV,BOONE,153430
WV,BARBOUR,138720
WV,BRAXTON,137648
WV,MORGAN,135570
WV,BROOKE,121150
WV,TAYLOR,110156
WV,ROANE,100550
WV,MASON,80638
WV,GRANT,70212
WV,WETZEL,68218
WV,CLAY,60074
WV,TYLER,55458
WV,WEBSTER,25114
WV,PLEASANTS,22830
WV,SUMMERS,19748
WV,CALHOUN,19690
WV,GILMER,15928
WV,POCAHONTAS,7500
WV,PENDLETON,5370
WV,WIRT,3700
WV,HARDY,250
NV,CLARK,6712274
NV,WASHOE,2361468
NV,CARSON CITY,278252
NV,LYON,238066
NV,DOUGLAS,227228
NV,CHURCHILL,127238
NV,WHITE PINE,124250
NV,NYE,84270
NV,HUMBOLDT,68126
NV,ELKO,51102
NV,MINERAL,42368
NV,STOREY,16538
NV,EUREKA,6860
NV,PERSHING,4800
NV,LANDER,0
NE,DOUGLAS,2292918
NE,LANCASTER,1388000
NE,SARPY,630476
NE,HALL,409756
NE,ADAMS,290908
NE,GAGE,255136
NE,PLATTE,186230
NE,BUFFALO,185700
NE,LINCOLN,173568
NE,BOONE,168102
NE,SEWARD,166100
NE,YORK,140762
NE,SCOTT BLUFF,139318
NE,DODGE,129578
NE,CUMING,126856
NE,CUSTER,123386
NE,MADISON,112426
NE,DAKOTA,111314
NE,DAWSON,110496
NE,SHERIDAN,109710
NE,CHASE,108248
NE,CLAY,108202
NE,BURT,101488
NE,COLFAX,96200
NE,HOLT,95640
NE,FILLMORE,81458
NE,DAWES,79626
NE,THURSTON,76318
NE,WASHINGTON,68450
NE,KNOX,67064
NE,THAYER,64528
NE,POLK,62412
NE,RICHARDSON,62048
NE,HAMILTON,61108
NE,PERKINS,60920
NE,OTOE,59670
NE,KEITH,57024
NE,BROWN,53446
NE,CHERRY,52708
NE,PHELPS,51634
NE,BOX BUTTE,51012
NE,JOHNSON,46370
NE,SAUNDERS,44474
NE,HOWARD,43988
NE,CASS,42974
NE,HITCHCOCK,40354
NE,CEDAR,37428
NE,BOYD,36944
NE,VALLEY,34714
NE,LOGAN,33998
NE,PIERCE,32264
NE,JEFFERSON,29370
NE,RED WILLOW,28630
NE,MERRICK,23440
NE,KEARNEY,21158
NE,NUCKOLLS,20480
NE,CHEYENNE,18930
NE,WAYNE,16988
NE,SALINE,15600
NE,DUNDY,15100
NE,ANTELOPE,13898
NE,SHERMAN,13600
NE,FURNAS,13148
NE,STANTON,11280
NE,DIXON,9310
NE,PAWNEE,7598
NE,FRANKLIN,6970
NE,NEMAHA,6600
NE,FRONTIER,6490
NE,ROCK,6370
NE,GOSPER,2090
NE,WEBSTER,1670
NE,DEUEL,0
NE,HARLAN,0
NM,BERNALILLO,2213366
NM,DONA ANA,1087962
NM,SANTA FE,710810
NM,SAN JUAN,554998
NM,SANDOVAL,463222
NM,MCKINLEY,351870
NM,EDDY,347878
NM,OTERO,337306
NM,CHAVES,305026
NM,CURRY,295560
NM,LUNA,221474
NM,RIO ARRIBA,187232
NM,GRANT,174624
NM,TORRANCE,172254
NM,LEA,157276
NM,ROOSEVELT,148218
NM,LINCOLN,136550
NM,VALENCIA,126434
NM,GUADALUPE,113138
NM,TAOS,113090
NM,CIBOLA,112208
NM,COLFAX,98632
NM,QUAY,94238
NM,SAN MIGUEL,87878
NM,SOCORRO,65816
NM,LOS ALAMOS,64980
NM,SIERRA,50518
NM,MORA,18188
NM,CATRON,6310
NM,UNION,4140
NM,HARDING,0
ME,CUMBERLAND,2070840
ME,YORK,1214066
ME,KENNEBEC,742180
ME,PENOBSCOT,723658
ME,OXFORD,558526
ME,HANCOCK,548816
ME,ANDROSCOGGIN,496650
ME,AROOSTOOK,467410
ME,SAGADAHOC,443522
ME,LINCOLN,332530
ME,KNOX,299028
ME,WALDO,224032
ME,SOMERSET,208946
ME,WASHINGTON,181898
ME,PISCATAQUIS,138120
ME,FRANKLIN,127576
NH,HILLSBOROUGH,2145868
NH,ROCKINGHAM,1508852
NH,MERRIMACK,997512
NH,BELKNAP,637872
NH,STRAFFORD,540294
NH,CARROLL,534046
NH,GRAFTON,529770
NH,CHESHIRE,433170
NH,COOS,347860
NH,SULLIVAN,312762
UT,SALT LAKE,2443314
UT,UTAH,1029648
UT,WASHINGTON,963162
UT,WEBER,708678
UT,DAVIS,630594
UT,CACHE,452524
UT,BOX ELDER,340126
UT,TOOELE,151822
UT,SEVIER,142078
UT,UINTAH,90164
UT,SANPETE,72568
UT,GARFIELD,61220
UT,CARBON,58522
UT,SUMMIT,54104
UT,EMERY,45568
UT,IRON,41238
UT,BEAVER,36370
UT,GRAND,31358
UT,WASATCH,25260
UT,JUAB,23380
UT,RICH,22850
UT,KANE,20778
UT,PIUTE,7790
UT,MORGAN,7790
UT,WAYNE,7690
UT,SAN JUAN,7260
UT,MILLARD,4710
UT,DUCHESNE,1880
ID,ADA,1672998
ID,CANYON,763434
ID,KOOTENAI,754312
ID,BONNER,354462
ID,TWIN FALLS,341842
ID,NEZ PERCE,334896
ID,BONNEVILLE,324650
ID,BANNOCK,244718
ID,FRANKLIN,231718
ID,BINGHAM,209018
ID,LATAH,184372
ID,LEMHI,160180
ID,CASSIA,138700
ID,FREMONT,113728
ID,GEM,103616
ID,GOODING,95028
ID,CARIBOU,88888
ID,ELMORE,85906
ID,MINIDOKA,82452
ID,IDAHO,77462
ID,JEROME,67490
ID,MADISON,59812
ID,PAYETTE,56184
ID,WASHINGTON,51668
ID,POWER,43440
ID,BEAR LAKE,42090
ID,SHOSHONE,39172
ID,BENEWAH,30298
ID,JEFFERSON,26498
ID,TETON,25520
ID,ONEIDA,22842
ID,CLEARWATER,22408
ID,BLAINE,19440
ID,CUSTER,17830
ID,BOISE,16778
ID,LEWIS,15984
ID,BOUNDARY,13890
ID,OWYHEE,10430
ID,VALLEY,7070
ID,ADAMS,0
DE,NEW CASTLE,2983680
DE,SUSSEX,1948902
DE,KENT,1214936
MT,YELLOWSTONE,696520
MT,FLATHEAD,676578
MT,CASCADE,530072
MT,MISSOULA,414804
MT,LEWIS AND CLARK,349728
MT,BEAVERHEAD,236736
MT,LINCOLN,230412
MT,SILVER BOW,194372
MT,RAVALLI,190844
MT,GALLATIN,185216
MT,POWELL,183546
MT,RICHLAND,157438
MT,BIG HORN,121612
MT,PONDERA,107304
MT,FERGUS,104010
MT,DAWSON,98664
MT,STILLWATER,78480
MT,SANDERS,71144
MT,FALLON,70264
MT,LAKE,66380
MT,MADISON,64626
MT,GLACIER,56882
MT,ROOSEVELT,53228
MT,JEFFERSON,45476
MT,DANIELS,43996
MT,VALLEY,42314
MT,LIBERTY,39346
MT,DEER LODGE,35656
MT,GRANITE,34376
MT,HILL,33740
MT,BROADWATER,33182
MT,ROSEBUD,30868
MT,PHILLIPS,29608
MT,JUDITH BASIN,29218
MT,BLAINE,28694
MT,CUSTER,22950
MT,POWDER RIVER,18910
MT,PARK,16820
MT,SHERIDAN,16806
MT,CHOUTEAU,14930
MT,MINERAL,10580
MT,TOOLE,10558
MT,GARFIELD,3400
MT,MUSSELSHELL,3310
MT,SWEET GRASS,610
MT,TETON,190
MT,WHEATLAND,0
HI,HONOLULU,3264066
HI,HAWAII,843184
HI,MAUI,668422
HI,KAUAI,180218
SD,MINNEHAHA,1190160
SD,PENNINGTON,530388
SD,GRANT,274130
SD,YANKTON,217868
SD,TURNER,216714
SD,LAWRENCE,211590
SD,DAVISON,203994
SD,BROWN,187164
SD,CODINGTON,166048
SD,UNION,142688
SD,LAKE,129206
SD,HUTCHINSON,127800
SD,BEADLE,108732
SD,CHARLES MIX,107858
SD,MEADE,101474
SD,KINGSBURY,88738
SD,PERKINS,79434
SD,DEUEL,78614
SD,CLARK,74676
SD,BROOKINGS,56172
SD,HANSON,49890
SD,MELLETTE,49568
SD,FALL RIVER,48368
SD,BON HOMME,46898
SD,JACKSON,44836
SD,BRULE,43448
SD,GREGORY,40020
SD,CLAY,35220
SD,LINCOLN,31290
SD,MOODY,29020
SD,SANBORN,25638
SD,HYDE,22558
SD,POTTER,17870
SD,DAY,17004
SD,HUGHES,15670
SD,BUTTE,15430
SD,HAND,14500
SD,DOUGLAS,14320
SD,MC COOK,11950
SD,TRIPP,11858
SD,SHANNON,9670
SD,CAMPBELL,9510
SD,SPINK,9380
SD,HAAKON,6370
SD,MARSHALL,6160
SD,CUSTER,4690
SD,DEWEY,1490
SD,CORSON,470
SD,MINER,410
SD,ROBERTS,30
SD,WALWORTH,0
SD,LYMAN,0
SD,MC PHERSON,0
SD,HAMLIN,0
SD,JONES,0
ND,CASS,832534
ND,BURLEIGH,383378
ND,STARK,371734
ND,GRAND FORKS,358782
ND,MORTON,349294
ND,WARD,296614
ND,PIERCE,255948
ND,RICHLAND,253330
ND,RAMSEY,164194
ND,MOUNTRAIL,160718
ND,WILLIAMS,145814
ND,DIVIDE,132170
ND,MCLEAN,126530
ND,MERCER,108172
ND,BOTTINEAU,108102
ND,FOSTER,87140
ND,STUTSMAN,84548
ND,MCINTOSH,79264
ND,TRAILL,69032
ND,WALSH,67132
ND,HETTINGER,55938
ND,CAVALIER,45970
ND,GRANT,45528
ND,SARGENT,32146
ND,GRIGGS,27398
ND,BENSON,23070
ND,KIDDER,22928
ND,RANSOM,22320
ND,DICKEY,20958
ND,ROLETTE,20350
ND,TOWNER,17362
ND,LOGAN,14460
ND,PEMBINA,14360
ND,SHERIDAN,12168
ND,MCHENRY,8950
ND,STEELE,6110
ND,BARNES,5110
ND,RENVILLE,3670
ND,MCKENZIE,2940
ND,WELLS,1930
ND,LA MOURE,1870
ND,OLIVER,1850
ND,NELSON,960
ND,EMMONS,0
ND,EDDY,0
ND,DUNN,0
RI,PROVIDENCE,2816822
RI,KENT,855022
RI,WASHINGTON,441032
RI,NEWPORT,369448
RI,BRISTOL,113568
VT,CHITTENDEN,745514
VT,RUTLAND,618738
VT,WINDSOR,422548
VT,WASHINGTON,421926
VT,WINDHAM,387374
VT,ORLEANS,337366
VT,FRANKLIN,265008
VT,BENNINGTON,229180
VT,ORANGE,224420
VT,LAMOILLE,174402
VT,CALEDONIA,166594
VT,GRAND ISLE,133950
VT,ESSEX,116840
DC,THE DISTRICT,2765952
WY,LARAMIE,472250
WY,FREMONT,252796
WY,NATRONA,223200
WY,ALBANY,216102
WY,SWEETWATER,193106
WY,GOSHEN,187404
WY,SHERIDAN,186790
WY,PARK,155976
WY,CAMPBELL,119966
WY,JOHNSON,100014
WY,LINCOLN,75078
WY,WESTON,69222
WY,BIG HORN,62208
WY,CARBON,57658
WY,CONVERSE,46548
WY,CROOK,45782
WY,TETON,45318
WY,HOT SPRINGS,29158
WY,UINTA,15600
WY,SUBLETTE,15030
WY,PLATTE,13454
WY,WASHAKIE,11340
AK,ANCHORAGE,851472
AK,MATANUSKA-SUSITNA,253950
AK,JUNEAU,149910
AK,KETCHIKAN GATEWAY,105142
AK,WADE HAMPTON,85050
AK,FAIRBANKS NORTH STAR,74636
AK,NOME,33640
AK,YUKON-KOYUKUK,29850
AK,SOUTHEAST FAIRBANKS,29218
AK,BETHEL,20800
AK,SITKA BOROUGH,11050
AK,DILLINGHAM,7470
AK,KODIAK ISLAND BOROUGH,3090
AK,BRISTOL BAY BOROUGH,1650
