id,name,rate
0,UNITED STATES,0
1000,ALABAMA,0
1001,"Autauga, AL",7
1003,"Baldwin, AL",52
1005,"Barbour, AL",9
1007,"Bibb, AL",8
1009,"Blount, AL",8
1011,"Bullock, AL",1
1013,"Butler, AL",5
1015,"Calhoun, AL",36
1017,"Chambers, AL",15
1019,"Cherokee, AL",7
1021,"Chilton, AL",13
1023,"Choctaw, AL",4
1025,"Clarke, AL",9
1027,"Clay, AL",4
1029,"Cleburne, AL",3
1031,"Coffee, AL",9
1033,"Colbert, AL",14
1035,"Conecuh, AL",3
1037,"Coosa, AL",4
1039,"Covington, AL",18
1041,"Crenshaw, AL",5
1043,"Cullman, AL",26
1045,"Dale, AL",21
1047,"Dallas, AL",24
1049,"DeKalb, AL",0
1051,"Elmore, AL",22
1053,"Escambia, AL",6
1055,"Etowah, AL",40
1057,"Fayette, AL",6
1059,"Franklin, AL",12
1061,"Geneva, AL",8
1063,"Greene, AL",1
1065,"Hale, AL",5
1067,"Henry, AL",3
1069,"Houston, AL",19
1071,"Jackson, AL",13
1073,"Jefferson, AL",177
1075,"Lamar, AL",2
1077,"Lauderdale, AL",29
1079,"Lawrence, AL",4
1081,"Lee, AL",21
1083,"Limestone, AL",15
1085,"Lowndes, AL",5
1087,"Macon, AL",10
1089,"Madison, AL",82
1091,"Marengo, AL",8
1093,"Marion, AL",6
1095,"Marshall, AL",46
1097,"Mobile, AL",114
1099,"Monroe, AL",2
1101,"Montgomery, AL",54
1103,"Morgan, AL",36
1105,"Perry, AL",2
1107,"Pickens, AL",15
1109,"Pike, AL",10
1111,"Randolph, AL",12
1113,"Russell, AL",20
1115,"St. Clair, AL",14
1117,"Shelby, AL",27
1119,"Sumter, AL",4
1121,"Talladega, AL",28
1123,"Tallapoosa, AL",12
1125,"Tuscaloosa, AL",41
1127,"Walker, AL",31
1129,"Washington, AL",6
1131,"Wilcox, AL",3
1133,"Winston, AL",13
2000,ALASKA,0
2013,"Aleutians East, AK",0
2016,"Aleutians West, AK",0
2020,"Anchorage, AK",34
2050,"Bethel, AK",1
2060,"Bristol Bay, AK",0
2068,"Denali, AK",0
2070,"Dillingham, AK",1
2090,"Fairbanks North Star, AK",4
2100,"Haines, AK",0
2105,"Hoonah-Angoon, AK",0
2110,"Juneau, AK",5
2122,"Kenai Peninsula, AK",0
2130,"Ketchikan Gateway, AK",5
2150,"Kodiak Island, AK",0
2164,"Lake and Peninsula, AK",0
2170,"Matanuska-Susitna, AK",12
2180,"Nome, AK",3
2185,"North Slope, AK",0
2188,"Northwest Arctic, AK",0
2195,"Petersburg, AK",0
2198,"Prince of Wales-Hyder, AK",0
2220,"Sitka, AK",0
2230,"Skagway, AK",0
2240,"Southeast Fairbanks, AK",3
2261,"Valdez-Cordova, AK",0
2270,"Wade Hampton, AK",4
2275,"Wrangell, AK",0
2282,"Yakutat, AK",0
2290,"Yukon-Koyukuk, AK",2
4000,ARIZONA,0
4001,"Apache, AZ",13
4003,"Cochise, AZ",22
4005,"Coconino, AZ",21
4007,"Gila, AZ",16
4009,"Graham, AZ",5
4011,"Greenlee, AZ",0
4012,"La Paz, AZ",0
4013,"Maricopa, AZ",636
4015,"Mohave, AZ",69
4017,"Navajo, AZ",19
4019,"Pima, AZ",217
4021,"Pinal, AZ",54
4023,"Santa Cruz, AZ",7
4025,"Yavapai, AZ",64
4027,"Yuma, AZ",39
5000,ARKANSAS,0
5001,"Arkansas, AR",7
5003,"Ashley, AR",2
5005,"Baxter, AR",24
5007,"Benton, AR",43
5009,"Boone, AR",13
5011,"Bradley, AR",9
5013,"Calhoun, AR",2
5015,"Carroll, AR",9
5017,"Chicot, AR",3
5019,"Clark, AR",5
5021,"Clay, AR",5
5023,"Cleburne, AR",12
5025,"Cleveland, AR",2
5027,"Columbia, AR",16
5029,"Conway, AR",8
5031,"Craighead, AR",17
5033,"Crawford, AR",24
5035,"Crittenden, AR",21
5037,"Cross, AR",4
5039,"Dallas, AR",2
5041,"Desha, AR",1
5043,"Drew, AR",4
5045,"Faulkner, AR",20
5047,"Franklin, AR",3
5049,"Fulton, AR",5
5051,"Garland, AR",49
5053,"Grant, AR",6
5055,"Greene, AR",10
5057,"Hempstead, AR",6
5059,"Hot Spring, AR",11
5061,"Howard, AR",5
5063,"Independence, AR",20
5065,"Izard, AR",5
5067,"Jackson, AR",12
5069,"Jefferson, AR",27
5071,"Johnson, AR",7
5073,"Lafayette, AR",5
5075,"Lawrence, AR",14
5077,"Lee, AR",7
5079,"Lincoln, AR",4
5081,"Little River, AR",1
5083,"Logan, AR",6
5085,"Lonoke, AR",9
5087,"Madison, AR",4
5089,"Marion, AR",6
5091,"Miller, AR",6
5093,"Mississippi, AR",14
5095,"Monroe, AR",5
5097,"Montgomery, AR",2
5099,"Nevada, AR",0
5101,"Newton, AR",0
5103,"Ouachita, AR",9
5105,"Perry, AR",2
5107,"Phillips, AR",7
5109,"Pike, AR",2
5111,"Poinsett, AR",11
5113,"Polk, AR",6
5115,"Pope, AR",23
5117,"Prairie, AR",1
5119,"Pulaski, AR",107
5121,"Randolph, AR",7
5123,"St. Francis, AR",11
5125,"Saline, AR",22
5127,"Scott, AR",6
5129,"Searcy, AR",0
5131,"Sebastian, AR",21
5133,"Sevier, AR",4
5135,"Sharp, AR",12
5137,"Stone, AR",2
5139,"Union, AR",16
5141,"Van Buren, AR",7
5143,"Washington, AR",31
5145,"White, AR",39
5147,"Woodruff, AR",2
5149,"Yell, AR",11
6000,CALIFORNIA,0
6001,"Alameda, CA",207
6003,"Alpine, CA",0
6005,"Amador, CA",15
6007,"Butte, CA",52
6009,"Calaveras, CA",12
6011,"Colusa, CA",3
6013,"Contra Costa, CA",179
6015,"Del Norte, CA",5
6017,"El Dorado, CA",43
6019,"Fresno, CA",120
6021,"Glenn, CA",8
6023,"Humboldt, CA",34
6025,"Imperial, CA",23
6027,"Inyo, CA",3
6029,"Kern, CA",116
6031,"Kings, CA",14
6033,"Lake, CA",18
6035,"Lassen, CA",7
6037,"Los Angeles, CA",1420
6039,"Madera, CA",28
6041,"Marin, CA",50
6043,"Mariposa, CA",2
6045,"Mendocino, CA",19
6047,"Merced, CA",35
6049,"Modoc, CA",2
6051,"Mono, CA",0
6053,"Monterey, CA",52
6055,"Napa, CA",26
6057,"Nevada, CA",20
6059,"Orange, CA",429
6061,"Placer, CA",65
6063,"Plumas, CA",3
6065,"Riverside, CA",329
6067,"Sacramento, CA",231
6069,"San Benito, CA",7
6071,"San Bernardino, CA",219
6073,"San Diego, CA",452
6075,"San Francisco, CA",134
6077,"San Joaquin, CA",90
6079,"San Luis Obispo, CA",46
6081,"San Mateo, CA",114
6083,"Santa Barbara, CA",63
6085,"Santa Clara, CA",247
6087,"Santa Cruz, CA",38
6089,"Shasta, CA",46
6091,"Sierra, CA",0
6093,"Siskiyou, CA",17
6095,"Solano, CA",55
6097,"Sonoma, CA",73
6099,"Stanislaus, CA",69
6101,"Sutter, CA",14
6103,"Tehama, CA",10
6105,"Trinity, CA",7
6107,"Tulare, CA",62
6109,"Tuolumne, CA",17
6111,"Ventura, CA",150
6113,"Yolo, CA",21
6115,"Yuba, CA",12
8000,COLORADO,0
8001,"Adams, CO",62
8003,"Alamosa, CO",1
8005,"Arapahoe, CO",73
8007,"Archuleta, CO",3
8009,"Baca, CO",4
8011,"Bent, CO",3
8013,"Boulder, CO",55
8014,"Broomfield, CO",6
8015,"Chaffee, CO",3
8017,"Cheyenne, CO",3
8019,"Clear Creek, CO",1
8021,"Conejos, CO",0
8023,"Costilla, CO",0
8025,"Crowley, CO",0
8027,"Custer, CO",1
8029,"Delta, CO",8
8031,"Denver, CO",96
8033,"Dolores, CO",1
8035,"Douglas, CO",12
8037,"Eagle, CO",3
8039,"Elbert, CO",4
8041,"El Paso, CO",104
8043,"Fremont, CO",9
8045,"Garfield, CO",12
8047,"Gilpin, CO",1
8049,"Grand, CO",3
8051,"Gunnison, CO",0
8053,"Hinsdale, CO",0
8055,"Huerfano, CO",2
8057,"Jackson, CO",0
8059,"Jefferson, CO",88
8061,"Kiowa, CO",0
8063,"Kit Carson, CO",3
8065,"Lake, CO",0
8067,"La Plata, CO",6
8069,"Larimer, CO",51
8071,"Las Animas, CO",3
8073,"Lincoln, CO",2
8075,"Logan, CO",6
8077,"Mesa, CO",30
8079,"Mineral, CO",0
8081,"Moffat, CO",1
8083,"Montezuma, CO",6
8085,"Montrose, CO",15
8087,"Morgan, CO",3
8089,"Otero, CO",8
8091,"Ouray, CO",5
8093,"Park, CO",2
8095,"Phillips, CO",0
8097,"Pitkin, CO",3
8099,"Prowers, CO",2
8101,"Pueblo, CO",38
8103,"Rio Blanco, CO",0
8105,"Rio Grande, CO",2
8107,"Routt, CO",4
8109,"Saguache, CO",2
8111,"San Juan, CO",0
8113,"San Miguel, CO",1
8115,"Sedgwick, CO",1
8117,"Summit, CO",0
8119,"Teller, CO",3
8121,"Washington, CO",2
8123,"Weld, CO",34
8125,"Yuma, CO",1
9000,CONNECTICUT,0
9001,"Fairfield, CT",221
9003,"Hartford, CT",237
9005,"Litchfield, CT",58
9007,"Middlesex, CT",46
9009,"New Haven, CT",191
9011,"New London, CT",58
9013,"Tolland, CT",36
9015,"Windham, CT",26
10000,DELAWARE,0
10001,"Kent, DE",43
10003,"New Castle, DE",142
10005,"Sussex, DE",78
11000,DISTRICT OF COLUMBIA,0
11001,District of Columbia,0
12000,FLORIDA,0
12001,"Alachua, FL",50
12003,"Baker, FL",4
12005,"Bay, FL",46
12007,"Bradford, FL",3
12009,"Brevard, FL",197
12011,"Broward, FL",347
12013,"Calhoun, FL",5
12015,"Charlotte, FL",67
12017,"Citrus, FL",67
12019,"Clay, FL",34
12021,"Collier, FL",92
12023,"Columbia, FL",12
12027,"DeSoto, FL",0
12029,"Dixie, FL",3
12031,"Duval, FL",163
12033,"Escambia, FL",72
12035,"Flagler, FL",28
12037,"Franklin, FL",3
12039,"Gadsden, FL",10
12041,"Gilchrist, FL",4
12043,"Glades, FL",6
12045,"Gulf, FL",4
12047,"Hamilton, FL",6
12049,"Hardee, FL",3
12051,"Hendry, FL",9
12053,"Hernando, FL",80
12055,"Highlands, FL",40
12057,"Hillsborough, FL",206
12059,"Holmes, FL",4
12061,"Indian River, FL",69
12063,"Jackson, FL",15
12065,"Jefferson, FL",3
12067,"Lafayette, FL",0
12069,"Lake, FL",133
12071,"Lee, FL",182
12073,"Leon, FL",36
12075,"Levy, FL",15
12077,"Liberty, FL",3
12079,"Madison, FL",5
12081,"Manatee, FL",89
12083,"Marion, FL",132
12085,"Martin, FL",36
12086,"Miami-Dade, FL",537
12087,"Monroe, FL",12
12089,"Nassau, FL",12
12091,"Okaloosa, FL",47
12093,"Okeechobee, FL",4
12095,"Orange, FL",181
12097,"Osceola, FL",54
12099,"Palm Beach, FL",402
12101,"Pasco, FL",154
12103,"Pinellas, FL",265
12105,"Polk, FL",153
12107,"Putnam, FL",21
12109,"St. Johns, FL",45
12111,"St. Lucie, FL",74
12113,"Santa Rosa, FL",25
12115,"Sarasota, FL",160
12117,"Seminole, FL",80
12119,"Sumter, FL",12
12121,"Suwannee, FL",8
12123,"Taylor, FL",5
12125,"Union, FL",4
12127,"Volusia, FL",165
12129,"Wakulla, FL",11
12131,"Walton, FL",14
12133,"Washington, FL",6
13000,GEORGIA,0
13001,"Appling, GA",6
13003,"Atkinson, GA",1
13005,"Bacon, GA",4
13007,"Baker, GA",0
13009,"Baldwin, GA",11
13011,"Banks, GA",2
13013,"Barrow, GA",12
13015,"Bartow, GA",13
13017,"Ben Hill, GA",9
13019,"Berrien, GA",6
13021,"Bibb, GA",43
13023,"Bleckley, GA",0
13025,"Brantley, GA",5
13027,"Brooks, GA",6
13029,"Bryan, GA",4
13031,"Bulloch, GA",11
13033,"Burke, GA",4
13035,"Butts, GA",10
13037,"Calhoun, GA",1
13039,"Camden, GA",7
13043,"Candler, GA",3
13045,"Carroll, GA",32
13047,"Catoosa, GA",9
13049,"Charlton, GA",1
13051,"Chatham, GA",64
13053,"Chattahoochee, GA",0
13055,"Chattooga, GA",6
13057,"Cherokee, GA",34
13059,"Clarke, GA",19
13061,"Clay, GA",1
13063,"Clayton, GA",39
13065,"Clinch, GA",0
13067,"Cobb, GA",114
13069,"Coffee, GA",8
13071,"Colquitt, GA",8
13073,"Columbia, GA",30
13075,"Cook, GA",6
13077,"Coweta, GA",24
13079,"Crawford, GA",0
13081,"Crisp, GA",5
13083,"Dade, GA",3
13085,"Dawson, GA",3
13087,"Decatur, GA",8
13089,"DeKalb, GA",0
13091,"Dodge, GA",4
13093,"Dooly, GA",4
13095,"Dougherty, GA",26
13097,"Douglas, GA",30
13099,"Early, GA",6
13101,"Echols, GA",0
13103,"Effingham, GA",11
13105,"Elbert, GA",10
13107,"Emanuel, GA",6
13109,"Evans, GA",2
13111,"Fannin, GA",7
13113,"Fayette, GA",24
13115,"Floyd, GA",31
13117,"Forsyth, GA",23
13119,"Franklin, GA",4
13121,"Fulton, GA",142
13123,"Gilmer, GA",11
13125,"Glascock, GA",1
13127,"Glynn, GA",24
13129,"Gordon, GA",22
13131,"Grady, GA",8
13133,"Greene, GA",8
13135,"Gwinnett, GA",84
13137,"Habersham, GA",8
13139,"Hall, GA",41
13141,"Hancock, GA",3
13143,"Haralson, GA",7
13145,"Harris, GA",3
13147,"Hart, GA",3
13149,"Heard, GA",3
13151,"Henry, GA",26
13153,"Houston, GA",26
13155,"Irwin, GA",3
13157,"Jackson, GA",7
13159,"Jasper, GA",5
13161,"Jeff Davis, GA",3
13163,"Jefferson, GA",5
13165,"Jenkins, GA",0
13167,"Johnson, GA",2
13169,"Jones, GA",5
13171,"Lamar, GA",11
13173,"Lanier, GA",3
13175,"Laurens, GA",13
13177,"Lee, GA",6
13179,"Liberty, GA",6
13181,"Lincoln, GA",2
13183,"Long, GA",3
13185,"Lowndes, GA",20
13187,"Lumpkin, GA",5
13189,"McDuffie, GA",0
13191,"McIntosh, GA",0
13193,"Macon, GA",9
13195,"Madison, GA",9
13197,"Marion, GA",1
13199,"Meriwether, GA",5
13201,"Miller, GA",0
13205,"Mitchell, GA",3
13207,"Monroe, GA",4
13209,"Montgomery, GA",1
13211,"Morgan, GA",4
13213,"Murray, GA",5
13215,"Muscogee, GA",44
13217,"Newton, GA",22
13219,"Oconee, GA",6
13221,"Oglethorpe, GA",2
13223,"Paulding, GA",11
13225,"Peach, GA",7
13227,"Pickens, GA",6
13229,"Pierce, GA",5
13231,"Pike, GA",4
13233,"Polk, GA",10
13235,"Pulaski, GA",4
13237,"Putnam, GA",6
13239,"Quitman, GA",0
13241,"Rabun, GA",7
13243,"Randolph, GA",2
13245,"Richmond, GA",43
13247,"Rockdale, GA",9
13249,"Schley, GA",0
13251,"Screven, GA",3
13253,"Seminole, GA",3
13255,"Spalding, GA",19
13257,"Stephens, GA",14
13259,"Stewart, GA",3
13261,"Sumter, GA",3
13263,"Talbot, GA",3
13265,"Taliaferro, GA",1
13267,"Tattnall, GA",6
13269,"Taylor, GA",5
13271,"Telfair, GA",10
13273,"Terrell, GA",3
13275,"Thomas, GA",15
13277,"Tift, GA",10
13279,"Toombs, GA",5
13281,"Towns, GA",5
13283,"Treutlen, GA",0
13285,"Troup, GA",21
13287,"Turner, GA",1
13289,"Twiggs, GA",3
13291,"Union, GA",13
13293,"Upson, GA",9
13295,"Walker, GA",16
13297,"Walton, GA",14
13299,"Ware, GA",17
13301,"Warren, GA",1
13303,"Washington, GA",6
13305,"Wayne, GA",5
13307,"Webster, GA",0
13309,"Wheeler, GA",1
13311,"White, GA",14
13313,"Whitfield, GA",25
13315,"Wilcox, GA",1
13317,"Wilkes, GA",1
13319,"Wilkinson, GA",5
13321,"Worth, GA",6
15000,HAWAII,0
15001,"Hawaii, HI",41
15003,"Honolulu, HI",164
15005,"Kalawao, HI",0
15007,"Kauai, HI",14
15009,"Maui, HI",25
16000,IDAHO,0
16001,"Ada, ID",87
16003,"Adams, ID",0
16005,"Bannock, ID",10
16007,"Bear Lake, ID",3
16009,"Benewah, ID",3
16011,"Bingham, ID",11
16013,"Blaine, ID",2
16015,"Boise, ID",1
16017,"Bonner, ID",17
16019,"Bonneville, ID",20
16021,"Boundary, ID",1
16023,"Butte, ID",0
16025,"Camas, ID",0
16027,"Canyon, ID",30
16029,"Caribou, ID",5
16031,"Cassia, ID",5
16033,"Clark, ID",0
16035,"Clearwater, ID",1
16037,"Custer, ID",1
16039,"Elmore, ID",2
16041,"Franklin, ID",1
16043,"Fremont, ID",5
16045,"Gem, ID",6
16047,"Gooding, ID",8
16049,"Idaho, ID",6
16051,"Jefferson, ID",3
16053,"Jerome, ID",3
16055,"Kootenai, ID",37
16057,"Latah, ID",12
16059,"Lemhi, ID",7
16061,"Lewis, ID",1
16063,"Lincoln, ID",0
16065,"Madison, ID",3
16067,"Minidoka, ID",5
16069,"Nez Perce, ID",11
16071,"Oneida, ID",1
16073,"Owyhee, ID",2
16075,"Payette, ID",4
16077,"Power, ID",2
16079,"Shoshone, ID",3
16081,"Teton, ID",1
16083,"Twin Falls, ID",21
16085,"Valley, ID",1
16087,"Washington, ID",3
17000,ILLINOIS,0
17001,"Adams, IL",28
17003,"Alexander, IL",3
17005,"Bond, IL",4
17007,"Boone, IL",11
17009,"Brown, IL",1
17011,"Bureau, IL",8
17013,"Calhoun, IL",1
17015,"Carroll, IL",9
17017,"Cass, IL",5
17019,"Champaign, IL",25
17021,"Christian, IL",11
17023,"Clark, IL",1
17025,"Clay, IL",3
17027,"Clinton, IL",10
17029,"Coles, IL",16
17031,"Cook, IL",1111
17033,"Crawford, IL",8
17035,"Cumberland, IL",0
17037,"DeKalb, IL",0
17039,"De Witt, IL",3
17041,"Douglas, IL",4
17043,"DuPage, IL",0
17045,"Edgar, IL",5
17047,"Edwards, IL",3
17049,"Effingham, IL",10
17051,"Fayette, IL",4
17053,"Ford, IL",5
17055,"Franklin, IL",15
17057,"Fulton, IL",13
17059,"Gallatin, IL",0
17061,"Greene, IL",7
17063,"Grundy, IL",8
17065,"Hamilton, IL",3
17067,"Hancock, IL",13
17069,"Hardin, IL",2
17071,"Henderson, IL",3
17073,"Henry, IL",13
17075,"Iroquois, IL",10
17077,"Jackson, IL",10
17079,"Jasper, IL",5
17081,"Jefferson, IL",8
17083,"Jersey, IL",6
17085,"Jo Daviess, IL",9
17087,"Johnson, IL",7
17089,"Kane, IL",77
17091,"Kankakee, IL",23
17093,"Kendall, IL",12
17095,"Knox, IL",16
17097,"Lake, IL",102
17099,"LaSalle, IL",0
17101,"Lawrence, IL",5
17103,"Lee, IL",10
17105,"Livingston, IL",5
17107,"Logan, IL",10
17109,"McDonough, IL",0
17111,"McHenry, IL",0
17113,"McLean, IL",0
17115,"Macon, IL",33
17117,"Macoupin, IL",7
17119,"Madison, IL",85
17121,"Marion, IL",16
17123,"Marshall, IL",4
17125,"Mason, IL",5
17127,"Massac, IL",0
17129,"Menard, IL",3
17131,"Mercer, IL",4
17133,"Monroe, IL",13
17135,"Montgomery, IL",8
17137,"Morgan, IL",11
17139,"Moultrie, IL",5
17141,"Ogle, IL",24
17143,"Peoria, IL",42
17145,"Perry, IL",0
17147,"Piatt, IL",8
17149,"Pike, IL",4
17151,"Pope, IL",1
17153,"Pulaski, IL",4
17155,"Putnam, IL",2
17157,"Randolph, IL",10
17159,"Richland, IL",6
17161,"Rock Island, IL",30
17163,"St. Clair, IL",66
17165,"Saline, IL",11
17167,"Sangamon, IL",59
17169,"Schuyler, IL",1
17171,"Scott, IL",2
17173,"Shelby, IL",7
17175,"Stark, IL",1
17177,"Stephenson, IL",21
17179,"Tazewell, IL",34
17181,"Union, IL",4
17183,"Vermilion, IL",25
17185,"Wabash, IL",8
17187,"Warren, IL",8
17189,"Washington, IL",6
17191,"Wayne, IL",10
17193,"White, IL",6
17195,"Whiteside, IL",24
17197,"Will, IL",93
17199,"Williamson, IL",22
17201,"Winnebago, IL",87
17203,"Woodford, IL",9
18000,INDIANA,0
18001,"Adams, IN",5
18003,"Allen, IN",70
18005,"Bartholomew, IN",23
18007,"Benton, IN",1
18009,"Blackford, IN",5
18011,"Boone, IN",13
18013,"Brown, IN",1
18015,"Carroll, IN",5
18017,"Cass, IN",14
18019,"Clark, IN",27
18021,"Clay, IN",8
18023,"Clinton, IN",6
18025,"Crawford, IN",4
18027,"Daviess, IN",4
18029,"Dearborn, IN",11
18031,"Decatur, IN",3
18033,"DeKalb, IN",0
18035,"Delaware, IN",40
18037,"Dubois, IN",7
18039,"Elkhart, IN",42
18041,"Fayette, IN",11
18043,"Floyd, IN",16
18045,"Fountain, IN",9
18047,"Franklin, IN",5
18049,"Fulton, IN",5
18051,"Gibson, IN",9
18053,"Grant, IN",25
18055,"Greene, IN",8
18057,"Hamilton, IN",27
18059,"Hancock, IN",9
18061,"Harrison, IN",21
18063,"Hendricks, IN",29
18065,"Henry, IN",9
18067,"Howard, IN",32
18069,"Huntington, IN",13
18071,"Jackson, IN",7
18073,"Jasper, IN",9
18075,"Jay, IN",4
18077,"Jefferson, IN",14
18079,"Jennings, IN",6
18081,"Johnson, IN",33
18083,"Knox, IN",13
18085,"Kosciusko, IN",15
18087,"LaGrange, IN",8
18089,"Lake, IN",123
18091,"LaPorte, IN",0
18093,"Lawrence, IN",16
18095,"Madison, IN",44
18097,"Marion, IN",192
18099,"Marshall, IN",10
18101,"Martin, IN",8
18103,"Miami, IN",11
18105,"Monroe, IN",25
18107,"Montgomery, IN",14
18109,"Morgan, IN",16
18111,"Newton, IN",0
18113,"Noble, IN",5
18115,"Ohio, IN",0
18117,"Orange, IN",11
18119,"Owen, IN",8
18121,"Parke, IN",7
18123,"Perry, IN",5
18125,"Pike, IN",6
18127,"Porter, IN",39
18129,"Posey, IN",7
18131,"Pulaski, IN",3
18133,"Putnam, IN",7
18135,"Randolph, IN",9
18137,"Ripley, IN",13
18139,"Rush, IN",4
18141,"St. Joseph, IN",67
18143,"Scott, IN",5
18145,"Shelby, IN",9
18147,"Spencer, IN",9
18149,"Starke, IN",7
18151,"Steuben, IN",13
18153,"Sullivan, IN",2
18155,"Switzerland, IN",4
18157,"Tippecanoe, IN",34
18159,"Tipton, IN",6
18161,"Union, IN",0
18163,"Vanderburgh, IN",49
18165,"Vermillion, IN",6
18167,"Vigo, IN",22
18169,"Wabash, IN",12
18171,"Warren, IN",3
18173,"Warrick, IN",16
18175,"Washington, IN",8
18177,"Wayne, IN",22
18179,"Wells, IN",7
18181,"White, IN",5
18183,"Whitley, IN",8
19000,IOWA,0
19001,"Adair, IA",3
19003,"Adams, IA",0
19005,"Allamakee, IA",13
19007,"Appanoose, IA",5
19009,"Audubon, IA",1
19011,"Benton, IA",3
19013,"Black Hawk, IA",34
19015,"Boone, IA",12
19017,"Bremer, IA",11
19019,"Buchanan, IA",6
19021,"Buena Vista, IA",5
19023,"Butler, IA",7
19025,"Calhoun, IA",6
19027,"Carroll, IA",5
19029,"Cass, IA",8
19031,"Cedar, IA",8
19033,"Cerro Gordo, IA",20
19035,"Cherokee, IA",5
19037,"Chickasaw, IA",6
19039,"Clarke, IA",1
19041,"Clay, IA",7
19043,"Clayton, IA",9
19045,"Clinton, IA",18
19047,"Crawford, IA",7
19049,"Dallas, IA",9
19051,"Davis, IA",4
19053,"Decatur, IA",2
19055,"Delaware, IA",1
19057,"Des Moines, IA",9
19059,"Dickinson, IA",11
19061,"Dubuque, IA",33
19063,"Emmet, IA",4
19065,"Fayette, IA",9
19067,"Floyd, IA",5
19069,"Franklin, IA",5
19071,"Fremont, IA",3
19073,"Greene, IA",4
19075,"Grundy, IA",4
19077,"Guthrie, IA",5
19079,"Hamilton, IA",5
19081,"Hancock, IA",3
19083,"Hardin, IA",6
19085,"Harrison, IA",6
19087,"Henry, IA",1
19089,"Howard, IA",3
19091,"Humboldt, IA",2
19093,"Ida, IA",3
19095,"Iowa, IA",5
19097,"Jackson, IA",2
19099,"Jasper, IA",14
19101,"Jefferson, IA",6
19103,"Johnson, IA",16
19105,"Jones, IA",7
19107,"Keokuk, IA",3
19109,"Kossuth, IA",10
19111,"Lee, IA",10
19113,"Linn, IA",46
19115,"Louisa, IA",0
19117,"Lucas, IA",2
19119,"Lyon, IA",2
19121,"Madison, IA",8
19123,"Mahaska, IA",9
19125,"Marion, IA",8
19127,"Marshall, IA",9
19129,"Mills, IA",5
19131,"Mitchell, IA",2
19133,"Monona, IA",2
19135,"Monroe, IA",1
19137,"Montgomery, IA",6
19139,"Muscatine, IA",10
19141,"O'Brien, IA",0
19143,"Osceola, IA",2
19145,"Page, IA",3
19147,"Palo Alto, IA",7
19149,"Plymouth, IA",2
19151,"Pocahontas, IA",3
19153,"Polk, IA",84
19155,"Pottawattamie, IA",19
19157,"Poweshiek, IA",10
19159,"Ringgold, IA",2
19161,"Sac, IA",10
19163,"Scott, IA",39
19165,"Shelby, IA",4
19167,"Sioux, IA",9
19169,"Story, IA",21
19171,"Tama, IA",6
19173,"Taylor, IA",3
19175,"Union, IA",4
19177,"Van Buren, IA",3
19179,"Wapello, IA",11
19181,"Warren, IA",10
19183,"Washington, IA",0
19185,"Wayne, IA",0
19187,"Webster, IA",11
19189,"Winnebago, IA",1
19191,"Winneshiek, IA",4
19193,"Woodbury, IA",19
19195,"Worth, IA",0
19197,"Wright, IA",2
20000,KANSAS,0
20001,"Allen, KS",3
20003,"Anderson, KS",2
20005,"Atchison, KS",5
20007,"Barber, KS",0
20009,"Barton, KS",8
20011,"Bourbon, KS",5
20013,"Brown, KS",4
20015,"Butler, KS",20
20017,"Chase, KS",0
20019,"Chautauqua, KS",0
20021,"Cherokee, KS",5
20023,"Cheyenne, KS",1
20025,"Clark, KS",2
20027,"Clay, KS",3
20029,"Cloud, KS",4
20031,"Coffey, KS",4
20033,"Comanche, KS",2
20035,"Cowley, KS",10
20037,"Crawford, KS",10
20039,"Decatur, KS",1
20041,"Dickinson, KS",4
20043,"Doniphan, KS",3
20045,"Douglas, KS",22
20047,"Edwards, KS",3
20049,"Elk, KS",1
20051,"Ellis, KS",8
20053,"Ellsworth, KS",3
20055,"Finney, KS",8
20057,"Ford, KS",3
20059,"Franklin, KS",10
20061,"Geary, KS",10
20063,"Gove, KS",2
20065,"Graham, KS",2
20067,"Grant, KS",3
20069,"Gray, KS",1
20071,"Greeley, KS",0
20073,"Greenwood, KS",1
20075,"Hamilton, KS",1
20077,"Harper, KS",2
20079,"Harvey, KS",12
20081,"Haskell, KS",0
20083,"Hodgeman, KS",1
20085,"Jackson, KS",4
20087,"Jefferson, KS",4
20089,"Jewell, KS",1
20091,"Johnson, KS",85
20093,"Kearny, KS",0
20095,"Kingman, KS",1
20097,"Kiowa, KS",0
20099,"Labette, KS",6
20101,"Lane, KS",0
20103,"Leavenworth, KS",12
20105,"Lincoln, KS",0
20107,"Linn, KS",4
20109,"Logan, KS",1
20111,"Lyon, KS",10
20113,"McPherson, KS",7
20115,"Marion, KS",9
20117,"Marshall, KS",1
20119,"Meade, KS",1
20121,"Miami, KS",3
20123,"Mitchell, KS",4
20125,"Montgomery, KS",12
20127,"Morris, KS",3
20129,"Morton, KS",0
20131,"Nemaha, KS",1
20133,"Neosho, KS",7
20135,"Ness, KS",2
20137,"Norton, KS",3
20139,"Osage, KS",4
20141,"Osborne, KS",2
20143,"Ottawa, KS",3
20145,"Pawnee, KS",3
20147,"Phillips, KS",0
20149,"Pottawatomie, KS",6
20151,"Pratt, KS",2
20153,"Rawlins, KS",2
20155,"Reno, KS",25
20157,"Republic, KS",3
20159,"Rice, KS",4
20161,"Riley, KS",9
20163,"Rooks, KS",1
20165,"Rush, KS",1
20167,"Russell, KS",5
20169,"Saline, KS",10
20171,"Scott, KS",0
20173,"Sedgwick, KS",117
20175,"Seward, KS",4
20177,"Shawnee, KS",45
20179,"Sheridan, KS",1
20181,"Sherman, KS",3
20183,"Smith, KS",2
20185,"Stafford, KS",5
20187,"Stanton, KS",0
20189,"Stevens, KS",4
20191,"Sumner, KS",8
20193,"Thomas, KS",1
20195,"Trego, KS",2
20197,"Wabaunsee, KS",4
20199,"Wallace, KS",2
20201,"Washington, KS",1
20203,"Wichita, KS",0
20205,"Wilson, KS",5
20207,"Woodson, KS",2
20209,"Wyandotte, KS",40
21000,KENTUCKY,0
21001,"Adair, KY",10
21003,"Allen, KY",8
21005,"Anderson, KY",6
21007,"Ballard, KY",3
21009,"Barren, KY",21
21011,"Bath, KY",4
21013,"Bell, KY",7
21015,"Boone, KY",18
21017,"Bourbon, KY",4
21019,"Boyd, KY",14
21021,"Boyle, KY",17
21023,"Bracken, KY",3
21025,"Breathitt, KY",2
21027,"Breckinridge, KY",2
21029,"Bullitt, KY",9
21031,"Butler, KY",4
21033,"Caldwell, KY",6
21035,"Calloway, KY",11
21037,"Campbell, KY",20
21039,"Carlisle, KY",2
21041,"Carroll, KY",4
21043,"Carter, KY",1
21045,"Casey, KY",4
21047,"Christian, KY",14
21049,"Clark, KY",15
21051,"Clay, KY",9
21053,"Clinton, KY",2
21055,"Crittenden, KY",0
21057,"Cumberland, KY",7
21059,"Daviess, KY",22
21061,"Edmonson, KY",3
21063,"Elliott, KY",0
21065,"Estill, KY",2
21067,"Fayette, KY",47
21069,"Fleming, KY",6
21071,"Floyd, KY",9
21073,"Franklin, KY",20
21075,"Fulton, KY",4
21077,"Gallatin, KY",2
21079,"Garrard, KY",3
21081,"Grant, KY",5
21083,"Graves, KY",9
21085,"Grayson, KY",5
21087,"Green, KY",6
21089,"Greenup, KY",18
21091,"Hancock, KY",3
21093,"Hardin, KY",30
21095,"Harlan, KY",13
21097,"Harrison, KY",5
21099,"Hart, KY",5
21101,"Henderson, KY",10
21103,"Henry, KY",4
21105,"Hickman, KY",0
21107,"Hopkins, KY",20
21109,"Jackson, KY",4
21111,"Jefferson, KY",211
21113,"Jessamine, KY",11
21115,"Johnson, KY",9
21117,"Kenton, KY",26
21119,"Knott, KY",2
21121,"Knox, KY",10
21123,"Larue, KY",3
21125,"Laurel, KY",13
21127,"Lawrence, KY",8
21129,"Lee, KY",3
21131,"Leslie, KY",6
21133,"Letcher, KY",9
21135,"Lewis, KY",2
21137,"Lincoln, KY",10
21139,"Livingston, KY",1
21141,"Logan, KY",10
21143,"Lyon, KY",8
21145,"McCracken, KY",0
21147,"McCreary, KY",0
21149,"McLean, KY",0
21151,"Madison, KY",18
21153,"Magoffin, KY",4
21155,"Marion, KY",6
21157,"Marshall, KY",13
21159,"Martin, KY",4
21161,"Mason, KY",9
21163,"Meade, KY",1
21165,"Menifee, KY",0
21167,"Mercer, KY",10
21169,"Metcalfe, KY",6
21171,"Monroe, KY",9
21173,"Montgomery, KY",6
21175,"Morgan, KY",5
21177,"Muhlenberg, KY",7
21179,"Nelson, KY",16
21181,"Nicholas, KY",4
21183,"Ohio, KY",7
21185,"Oldham, KY",8
21187,"Owen, KY",5
21189,"Owsley, KY",1
21191,"Pendleton, KY",5
21193,"Perry, KY",12
21195,"Pike, KY",27
21197,"Powell, KY",4
21199,"Pulaski, KY",22
21201,"Robertson, KY",1
21203,"Rockcastle, KY",7
21205,"Rowan, KY",5
21207,"Russell, KY",9
21209,"Scott, KY",10
21211,"Shelby, KY",11
21213,"Simpson, KY",1
21215,"Spencer, KY",3
21217,"Taylor, KY",9
21219,"Todd, KY",2
21221,"Trigg, KY",8
21223,"Trimble, KY",0
21225,"Union, KY",5
21227,"Warren, KY",28
21229,"Washington, KY",3
21231,"Wayne, KY",7
21233,"Webster, KY",4
21235,"Whitley, KY",13
21237,"Wolfe, KY",1
21239,"Woodford, KY",3
22000,LOUISIANA,0
22001,"Acadia, LA",6
22003,"Allen, LA",8
22005,"Ascension, LA",11
22007,"Assumption, LA",6
22009,"Avoyelles, LA",8
22011,"Beauregard, LA",11
22013,"Bienville, LA",6
22015,"Bossier, LA",23
22017,"Caddo, LA",93
22019,"Calcasieu, LA",39
22021,"Caldwell, LA",2
22023,"Cameron, LA",0
22025,"Catahoula, LA",3
22027,"Claiborne, LA",2
22029,"Concordia, LA",3
22031,"De Soto, LA",12
22033,"East Baton Rouge, LA",0
22035,"East Carroll, LA",5
22037,"East Feliciana, LA",4
22039,"Evangeline, LA",6
22041,"Franklin, LA",9
22043,"Grant, LA",8
22045,"Iberia, LA",16
22047,"Iberville, LA",7
22049,"Jackson, LA",2
22051,"Jefferson, LA",107
22053,"Jefferson Davis, LA",0
22055,"Lafayette, LA",37
22057,"Lafourche, LA",15
22059,"La Salle, LA",2
22061,"Lincoln, LA",10
22063,"Livingston, LA",16
22065,"Madison, LA",6
22067,"Morehouse, LA",8
22069,"Natchitoches, LA",15
22071,"Orleans, LA",71
22073,"Ouachita, LA",50
22075,"Plaquemines, LA",2
22077,"Pointe Coupee, LA",10
22079,"Rapides, LA",49
22081,"Red River, LA",4
22083,"Richland, LA",4
22085,"Sabine, LA",4
22087,"St. Bernard, LA",6
22089,"St. Charles, LA",13
22091,"St. Helena, LA",2
22093,"St. James, LA",8
22095,"St. John the Baptist, LA",0
22097,"St. Landry, LA",12
22099,"St. Martin, LA",9
22101,"St. Mary, LA",15
22103,"St. Tammany, LA",53
22105,"Tangipahoa, LA",23
22107,"Tensas, LA",1
22109,"Terrebonne, LA",26
22111,"Union, LA",8
22113,"Vermilion, LA",14
22115,"Vernon, LA",5
22117,"Washington, LA",8
22119,"Webster, LA",8
22121,"West Baton Rouge, LA",0
22123,"West Carroll, LA",2
22125,"West Feliciana, LA",1
22127,"Winn, LA",5
23000,MAINE,0
23001,"Androscoggin, ME",29
23003,"Aroostook, ME",29
23005,"Cumberland, ME",91
23007,"Franklin, ME",10
23009,"Hancock, ME",20
23011,"Kennebec, ME",36
23013,"Knox, ME",19
23015,"Lincoln, ME",12
23017,"Oxford, ME",26
23019,"Penobscot, ME",47
23021,"Piscataquis, ME",7
23023,"Sagadahoc, ME",13
23025,"Somerset, ME",13
23027,"Waldo, ME",13
23029,"Washington, ME",12
23031,"York, ME",57
24000,MARYLAND,0
24001,"Allegany, MD",26
24003,"Anne Arundel, MD",128
24005,"Baltimore, MD",192
24009,"Calvert, MD",23
24011,"Caroline, MD",8
24013,"Carroll, MD",41
24015,"Cecil, MD",23
24017,"Charles, MD",24
24019,"Dorchester, MD",5
24021,"Frederick, MD",52
24023,"Garrett, MD",11
24025,"Harford, MD",47
24027,"Howard, MD",45
24029,"Kent, MD",8
24031,"Montgomery, MD",177
24033,"Prince George's, MD",0
24035,"Queen Anne's, MD",0
24037,"St. Mary's, MD",0
24039,"Somerset, MD",7
24041,"Talbot, MD",21
24043,"Washington, MD",36
24045,"Wicomico, MD",22
24047,"Worcester, MD",16
24510,"Baltimore city, MD",144
25000,MASSACHUSETTS,0
25001,"Barnstable, MA",71
25003,"Berkshire, MA",44
25005,"Bristol, MA",136
25007,"Dukes, MA",4
25009,"Essex, MA",183
25011,"Franklin, MA",14
25013,"Hampden, MA",126
25015,"Hampshire, MA",33
25017,"Middlesex, MA",369
25019,"Nantucket, MA",0
25021,"Norfolk, MA",150
25023,"Plymouth, MA",120
25025,"Suffolk, MA",130
25027,"Worcester, MA",197
26000,MICHIGAN,0
26001,"Alcona, MI",8
26003,"Alger, MI",4
26005,"Allegan, MI",17
26007,"Alpena, MI",6
26009,"Antrim, MI",10
26011,"Arenac, MI",8
26013,"Baraga, MI",1
26015,"Barry, MI",11
26017,"Bay, MI",27
26019,"Benzie, MI",8
26021,"Berrien, MI",56
26023,"Branch, MI",11
26025,"Calhoun, MI",33
26027,"Cass, MI",10
26029,"Charlevoix, MI",7
26031,"Cheboygan, MI",3
26033,"Chippewa, MI",12
26035,"Clare, MI",6
26037,"Clinton, MI",10
26039,"Crawford, MI",5
26041,"Delta, MI",12
26043,"Dickinson, MI",12
26045,"Eaton, MI",13
26047,"Emmet, MI",5
26049,"Genesee, MI",103
26051,"Gladwin, MI",14
26053,"Gogebic, MI",7
26055,"Grand Traverse, MI",30
26057,"Gratiot, MI",8
26059,"Hillsdale, MI",9
26061,"Houghton, MI",10
26063,"Huron, MI",19
26065,"Ingham, MI",63
26067,"Ionia, MI",11
26069,"Iosco, MI",16
26071,"Iron, MI",4
26073,"Isabella, MI",17
26075,"Jackson, MI",26
26077,"Kalamazoo, MI",64
26079,"Kalkaska, MI",3
26081,"Kent, MI",115
26083,"Keweenaw, MI",0
26085,"Lake, MI",5
26087,"Lapeer, MI",14
26089,"Leelanau, MI",8
26091,"Lenawee, MI",27
26093,"Livingston, MI",27
26095,"Luce, MI",1
26097,"Mackinac, MI",7
26099,"Macomb, MI",188
26101,"Manistee, MI",9
26103,"Marquette, MI",17
26105,"Mason, MI",12
26107,"Mecosta, MI",11
26109,"Menominee, MI",5
26111,"Midland, MI",18
26113,"Missaukee, MI",7
26115,"Monroe, MI",41
26117,"Montcalm, MI",14
26119,"Montmorency, MI",9
26121,"Muskegon, MI",46
26123,"Newaygo, MI",15
26125,"Oakland, MI",286
26127,"Oceana, MI",14
26129,"Ogemaw, MI",9
26131,"Ontonagon, MI",2
26133,"Osceola, MI",10
26135,"Oscoda, MI",1
26137,"Otsego, MI",5
26139,"Ottawa, MI",45
26141,"Presque Isle, MI",5
26143,"Roscommon, MI",11
26145,"Saginaw, MI",58
26147,"St. Clair, MI",36
26149,"St. Joseph, MI",11
26151,"Sanilac, MI",9
26153,"Schoolcraft, MI",3
26155,"Shiawassee, MI",14
26157,"Tuscola, MI",13
26159,"Van Buren, MI",21
26161,"Washtenaw, MI",43
26163,"Wayne, MI",441
26165,"Wexford, MI",8
27000,MINNESOTA,0
27001,"Aitkin, MN",9
27003,"Anoka, MN",39
27005,"Becker, MN",6
27007,"Beltrami, MN",9
27009,"Benton, MN",6
27011,"Big Stone, MN",0
27013,"Blue Earth, MN",11
27015,"Brown, MN",5
27017,"Carlton, MN",9
27019,"Carver, MN",12
27021,"Cass, MN",15
27023,"Chippewa, MN",4
27025,"Chisago, MN",12
27027,"Clay, MN",15
27029,"Clearwater, MN",1
27031,"Cook, MN",1
27033,"Cottonwood, MN",3
27035,"Crow Wing, MN",20
27037,"Dakota, MN",55
27039,"Dodge, MN",4
27041,"Douglas, MN",9
27043,"Faribault, MN",6
27045,"Fillmore, MN",10
27047,"Freeborn, MN",10
27049,"Goodhue, MN",11
27051,"Grant, MN",1
27053,"Hennepin, MN",201
27055,"Houston, MN",6
27057,"Hubbard, MN",4
27059,"Isanti, MN",12
27061,"Itasca, MN",13
27063,"Jackson, MN",1
27065,"Kanabec, MN",5
27067,"Kandiyohi, MN",10
27069,"Kittson, MN",0
27071,"Koochiching, MN",1
27073,"Lac qui Parle, MN",3
27075,"Lake, MN",2
27077,"Lake of the Woods, MN",0
27079,"Le Sueur, MN",5
27081,"Lincoln, MN",5
27083,"Lyon, MN",5
27085,"McLeod, MN",0
27087,"Mahnomen, MN",2
27089,"Marshall, MN",4
27091,"Martin, MN",6
27093,"Meeker, MN",7
27095,"Mille Lacs, MN",7
27097,"Morrison, MN",12
27099,"Mower, MN",6
27101,"Murray, MN",2
27103,"Nicollet, MN",2
27105,"Nobles, MN",1
27107,"Norman, MN",2
27109,"Olmsted, MN",23
27111,"Otter Tail, MN",15
27113,"Pennington, MN",0
27115,"Pine, MN",10
27117,"Pipestone, MN",2
27119,"Polk, MN",4
27121,"Pope, MN",2
27123,"Ramsey, MN",118
27125,"Red Lake, MN",1
27127,"Redwood, MN",8
27129,"Renville, MN",2
27131,"Rice, MN",8
27133,"Rock, MN",4
27135,"Roseau, MN",5
27137,"St. Louis, MN",50
27139,"Scott, MN",8
27141,"Sherburne, MN",13
27143,"Sibley, MN",2
27145,"Stearns, MN",26
27147,"Steele, MN",10
27149,"Stevens, MN",3
27151,"Swift, MN",5
27153,"Todd, MN",4
27155,"Traverse, MN",1
27157,"Wabasha, MN",0
27159,"Wadena, MN",4
27161,"Waseca, MN",3
27163,"Washington, MN",26
27165,"Watonwan, MN",6
27167,"Wilkin, MN",0
27169,"Winona, MN",7
27171,"Wright, MN",20
27173,"Yellow Medicine, MN",0
28000,MISSISSIPPI,0
28001,"Adams, MS",10
28003,"Alcorn, MS",12
28005,"Amite, MS",4
28007,"Attala, MS",3
28009,"Benton, MS",2
28011,"Bolivar, MS",13
28013,"Calhoun, MS",6
28015,"Carroll, MS",6
28017,"Chickasaw, MS",6
28019,"Choctaw, MS",3
28021,"Claiborne, MS",1
28023,"Clarke, MS",5
28025,"Clay, MS",7
28027,"Coahoma, MS",7
28029,"Copiah, MS",9
28031,"Covington, MS",1
28033,"DeSoto, MS",0
28035,"Forrest, MS",26
28037,"Franklin, MS",2
28039,"George, MS",10
28041,"Greene, MS",2
28043,"Grenada, MS",8
28045,"Hancock, MS",12
28047,"Harrison, MS",42
28049,"Hinds, MS",73
28051,"Holmes, MS",8
28053,"Humphreys, MS",6
28055,"Issaquena, MS",0
28057,"Itawamba, MS",6
28059,"Jackson, MS",34
28061,"Jasper, MS",2
28063,"Jefferson, MS",2
28065,"Jefferson Davis, MS",2
28067,"Jones, MS",30
28069,"Kemper, MS",1
28071,"Lafayette, MS",10
28073,"Lamar, MS",12
28075,"Lauderdale, MS",15
28077,"Lawrence, MS",5
28079,"Leake, MS",8
28081,"Lee, MS",18
28083,"Leflore, MS",9
28085,"Lincoln, MS",8
28087,"Lowndes, MS",19
28089,"Madison, MS",22
28091,"Marion, MS",12
28093,"Marshall, MS",16
28095,"Monroe, MS",9
28097,"Montgomery, MS",1
28099,"Neshoba, MS",9
28101,"Newton, MS",6
28103,"Noxubee, MS",2
28105,"Oktibbeha, MS",7
28107,"Panola, MS",16
28109,"Pearl River, MS",15
28111,"Perry, MS",0
28113,"Pike, MS",18
28115,"Pontotoc, MS",11
28117,"Prentiss, MS",11
28119,"Quitman, MS",2
28121,"Rankin, MS",34
28123,"Scott, MS",6
28125,"Sharkey, MS",1
28127,"Simpson, MS",3
28129,"Smith, MS",3
28131,"Stone, MS",4
28133,"Sunflower, MS",6
28135,"Tallahatchie, MS",5
28137,"Tate, MS",7
28139,"Tippah, MS",10
28141,"Tishomingo, MS",5
28143,"Tunica, MS",0
28145,"Union, MS",6
28147,"Walthall, MS",6
28149,"Warren, MS",8
28151,"Washington, MS",15
28153,"Wayne, MS",6
28155,"Webster, MS",5
28157,"Wilkinson, MS",0
28159,"Winston, MS",6
28161,"Yalobusha, MS",7
28163,"Yazoo, MS",7
29000,MISSOURI,0
29001,"Adair, MO",4
29003,"Andrew, MO",3
29005,"Atchison, MO",1
29007,"Audrain, MO",8
29009,"Barry, MO",13
29011,"Barton, MO",2
29013,"Bates, MO",6
29015,"Benton, MO",4
29017,"Bollinger, MO",3
29019,"Boone, MO",21
29021,"Buchanan, MO",21
29023,"Butler, MO",13
29025,"Caldwell, MO",4
29027,"Callaway, MO",12
29029,"Camden, MO",13
29031,"Cape Girardeau, MO",12
29033,"Carroll, MO",2
29035,"Carter, MO",5
29037,"Cass, MO",14
29039,"Cedar, MO",4
29041,"Chariton, MO",3
29043,"Christian, MO",14
29045,"Clark, MO",2
29047,"Clay, MO",36
29049,"Clinton, MO",9
29051,"Cole, MO",13
29053,"Cooper, MO",6
29055,"Crawford, MO",8
29057,"Dade, MO",3
29059,"Dallas, MO",8
29061,"Daviess, MO",1
29063,"DeKalb, MO",0
29065,"Dent, MO",6
29067,"Douglas, MO",1
29069,"Dunklin, MO",11
29071,"Franklin, MO",32
29073,"Gasconade, MO",8
29075,"Gentry, MO",1
29077,"Greene, MO",69
29079,"Grundy, MO",3
29081,"Harrison, MO",3
29083,"Henry, MO",8
29085,"Hickory, MO",3
29087,"Holt, MO",3
29089,"Howard, MO",2
29091,"Howell, MO",16
29093,"Iron, MO",4
29095,"Jackson, MO",151
29097,"Jasper, MO",40
29099,"Jefferson, MO",39
29101,"Johnson, MO",7
29103,"Knox, MO",0
29105,"Laclede, MO",15
29107,"Lafayette, MO",15
29109,"Lawrence, MO",5
29111,"Lewis, MO",4
29113,"Lincoln, MO",9
29115,"Linn, MO",1
29117,"Livingston, MO",6
29119,"McDonald, MO",0
29121,"Macon, MO",3
29123,"Madison, MO",4
29125,"Maries, MO",1
29127,"Marion, MO",9
29129,"Mercer, MO",1
29131,"Miller, MO",9
29133,"Mississippi, MO",1
29135,"Moniteau, MO",9
29137,"Monroe, MO",3
29139,"Montgomery, MO",6
29141,"Morgan, MO",7
29143,"New Madrid, MO",6
29145,"Newton, MO",8
29147,"Nodaway, MO",5
29149,"Oregon, MO",5
29151,"Osage, MO",4
29153,"Ozark, MO",2
29155,"Pemiscot, MO",4
29157,"Perry, MO",1
29159,"Pettis, MO",14
29161,"Phelps, MO",14
29163,"Pike, MO",2
29165,"Platte, MO",16
29167,"Polk, MO",12
29169,"Pulaski, MO",7
29171,"Putnam, MO",6
29173,"Ralls, MO",4
29175,"Randolph, MO",8
29177,"Ray, MO",8
29179,"Reynolds, MO",1
29181,"Ripley, MO",3
29183,"St. Charles, MO",78
29185,"St. Clair, MO",7
29186,"Ste. Genevieve, MO",3
29187,"St. Francois, MO",24
29189,"St. Louis, MO",262
29195,"Saline, MO",8
29197,"Schuyler, MO",1
29199,"Scotland, MO",1
29201,"Scott, MO",6
29203,"Shannon, MO",1
29205,"Shelby, MO",1
29207,"Stoddard, MO",12
29209,"Stone, MO",10
29211,"Sullivan, MO",3
29213,"Taney, MO",14
29215,"Texas, MO",8
29217,"Vernon, MO",2
29219,"Warren, MO",3
29221,"Washington, MO",7
29223,"Wayne, MO",9
29225,"Webster, MO",9
29227,"Worth, MO",0
29229,"Wright, MO",13
29510,"St. Louis city, MO",78
30000,MONTANA,0
30001,"Beaverhead, MT",3
30003,"Big Horn, MT",2
30005,"Blaine, MT",2
30007,"Broadwater, MT",1
30009,"Carbon, MT",0
30011,"Carter, MT",0
30013,"Cascade, MT",26
30015,"Chouteau, MT",1
30017,"Custer, MT",1
30019,"Daniels, MT",1
30021,"Dawson, MT",5
30023,"Deer Lodge, MT",2
30025,"Fallon, MT",4
30027,"Fergus, MT",6
30029,"Flathead, MT",22
30031,"Gallatin, MT",10
30033,"Garfield, MT",0
30035,"Glacier, MT",3
30037,"Golden Valley, MT",0
30039,"Granite, MT",3
30041,"Hill, MT",2
30043,"Jefferson, MT",2
30045,"Judith Basin, MT",1
30047,"Lake, MT",5
30049,"Lewis and Clark, MT",18
30051,"Liberty, MT",1
30053,"Lincoln, MT",14
30055,"McCone, MT",0
30057,"Madison, MT",4
30059,"Meagher, MT",0
30061,"Mineral, MT",2
30063,"Missoula, MT",25
30065,"Musselshell, MT",0
30067,"Park, MT",1
30069,"Petroleum, MT",0
30071,"Phillips, MT",2
30073,"Pondera, MT",3
30075,"Powder River, MT",2
30077,"Powell, MT",1
30079,"Prairie, MT",0
30081,"Ravalli, MT",8
30083,"Richland, MT",6
30085,"Roosevelt, MT",3
30087,"Rosebud, MT",2
30089,"Sanders, MT",6
30091,"Sheridan, MT",1
30093,"Silver Bow, MT",11
30095,"Stillwater, MT",3
30097,"Sweet Grass, MT",0
30099,"Teton, MT",0
30101,"Toole, MT",1
30103,"Treasure, MT",0
30105,"Valley, MT",2
30107,"Wheatland, MT",0
30109,"Wibaux, MT",0
30111,"Yellowstone, MT",43
30113,"Yellowstone National Park, MT",0
31000,NEBRASKA,0
31001,"Adams, NE",12
31003,"Antelope, NE",1
31005,"Arthur, NE",0
31007,"Banner, NE",0
31009,"Blaine, NE",0
31011,"Boone, NE",5
31013,"Box Butte, NE",4
31015,"Boyd, NE",2
31017,"Brown, NE",2
31019,"Buffalo, NE",7
31021,"Burt, NE",3
31023,"Butler, NE",0
31025,"Cass, NE",3
31027,"Cedar, NE",1
31029,"Chase, NE",4
31031,"Cherry, NE",3
31033,"Cheyenne, NE",3
31035,"Clay, NE",4
31037,"Colfax, NE",5
31039,"Cuming, NE",4
31041,"Custer, NE",5
31043,"Dakota, NE",5
31045,"Dawes, NE",6
31047,"Dawson, NE",9
31049,"Deuel, NE",0
31051,"Dixon, NE",1
31053,"Dodge, NE",9
31055,"Douglas, NE",110
31057,"Dundy, NE",0
31059,"Fillmore, NE",3
31061,"Franklin, NE",1
31063,"Frontier, NE",1
31065,"Furnas, NE",1
31067,"Gage, NE",8
31069,"Garden, NE",0
31071,"Garfield, NE",0
31073,"Gosper, NE",1
31075,"Grant, NE",0
31077,"Greeley, NE",0
31079,"Hall, NE",14
31081,"Hamilton, NE",4
31083,"Harlan, NE",0
31085,"Hayes, NE",0
31087,"Hitchcock, NE",2
31089,"Holt, NE",4
31091,"Hooker, NE",0
31093,"Howard, NE",3
31095,"Jefferson, NE",2
31097,"Johnson, NE",2
31099,"Kearney, NE",1
31101,"Keith, NE",5
31103,"Keya Paha, NE",0
31105,"Kimball, NE",0
31107,"Knox, NE",2
31109,"Lancaster, NE",56
31111,"Lincoln, NE",7
31113,"Logan, NE",1
31115,"Loup, NE",0
31117,"McPherson, NE",0
31119,"Madison, NE",6
31121,"Merrick, NE",4
31123,"Morrill, NE",0
31125,"Nance, NE",0
31127,"Nemaha, NE",1
31129,"Nuckolls, NE",2
31131,"Otoe, NE",5
31133,"Pawnee, NE",1
31135,"Perkins, NE",1
31137,"Phelps, NE",2
31139,"Pierce, NE",0
31141,"Platte, NE",9
31143,"Polk, NE",5
31145,"Red Willow, NE",1
31147,"Richardson, NE",2
31149,"Rock, NE",1
31151,"Saline, NE",1
31153,"Sarpy, NE",20
31155,"Saunders, NE",2
31157,"Scotts Bluff, NE",0
31159,"Seward, NE",6
31161,"Sheridan, NE",5
31163,"Sherman, NE",1
31165,"Sioux, NE",0
31167,"Stanton, NE",1
31169,"Thayer, NE",3
31171,"Thomas, NE",0
31173,"Thurston, NE",2
31175,"Valley, NE",2
31177,"Washington, NE",4
31179,"Wayne, NE",2
31181,"Webster, NE",1
31183,"Wheeler, NE",0
31185,"York, NE",4
32000,NEVADA,0
32001,"Churchill, NV",6
32003,"Clark, NV",281
32005,"Douglas, NV",11
32007,"Elko, NV",4
32009,"Esmeralda, NV",0
32011,"Eureka, NV",1
32013,"Humboldt, NV",1
32015,"Lander, NV",0
32017,"Lincoln, NV",0
32019,"Lyon, NV",15
32021,"Mineral, NV",3
32023,"Nye, NV",8
32027,"Pershing, NV",0
32029,"Storey, NV",1
32031,"Washoe, NV",90
32033,"White Pine, NV",6
32510,"Carson City city, NV",0
33000,NEW HAMPSHIRE,0
33001,"Belknap, NH",20
33003,"Carroll, NH",19
33005,"Cheshire, NH",14
33007,"Coos, NH",13
33009,"Grafton, NH",33
33011,"Hillsborough, NH",107
33013,"Merrimack, NH",42
33015,"Rockingham, NH",69
33017,"Strafford, NH",23
33019,"Sullivan, NH",16
34000,NEW JERSEY,0
34001,"Atlantic, NJ",75
34003,"Bergen, NJ",218
34005,"Burlington, NJ",113
34007,"Camden, NJ",125
34009,"Cape May, NJ",39
34011,"Cumberland, NJ",38
34013,"Essex, NJ",145
34015,"Gloucester, NJ",67
34017,"Hudson, NJ",115
34019,"Hunterdon, NJ",14
34021,"Mercer, NJ",86
34023,"Middlesex, NJ",173
34025,"Monmouth, NJ",154
34027,"Morris, NJ",94
34029,"Ocean, NJ",181
34031,"Passaic, NJ",98
34033,"Salem, NJ",31
34035,"Somerset, NJ",54
34037,"Sussex, NJ",36
34039,"Union, NJ",128
34041,"Warren, NJ",27
35000,NEW MEXICO,0
35001,"Bernalillo, NM",133
35003,"Catron, NM",1
35005,"Chaves, NM",10
35006,"Cibola, NM",8
35007,"Colfax, NM",3
35009,"Curry, NM",8
35011,"De Baca, NM",0
35013,"Dona Ana, NM",57
35015,"Eddy, NM",14
35017,"Grant, NM",9
35019,"Guadalupe, NM",1
35021,"Harding, NM",0
35023,"Hidalgo, NM",0
35025,"Lea, NM",11
35027,"Lincoln, NM",10
35028,"Los Alamos, NM",1
35029,"Luna, NM",11
35031,"McKinley, NM",11
35033,"Mora, NM",2
35035,"Otero, NM",19
35037,"Quay, NM",4
35039,"Rio Arriba, NM",12
35041,"Roosevelt, NM",8
35043,"Sandoval, NM",22
35045,"San Juan, NM",31
35047,"San Miguel, NM",6
35049,"Santa Fe, NM",34
35051,"Sierra, NM",3
35053,"Socorro, NM",5
35055,"Taos, NM",7
35057,"Torrance, NM",7
35059,"Union, NM",0
35061,"Valencia, NM",13
36000,NEW YORK,0
36001,"Albany, NY",54
36003,"Allegany, NY",16
36005,"Bronx, NY",212
36007,"Broome, NY",63
36009,"Cattaraugus, NY",24
36011,"Cayuga, NY",18
36013,"Chautauqua, NY",38
36015,"Chemung, NY",24
36017,"Chenango, NY",12
36019,"Clinton, NY",17
36021,"Columbia, NY",15
36023,"Cortland, NY",10
36025,"Delaware, NY",11
36027,"Dutchess, NY",58
36029,"Erie, NY",261
36031,"Essex, NY",12
36033,"Franklin, NY",14
36035,"Fulton, NY",16
36037,"Genesee, NY",19
36039,"Greene, NY",8
36041,"Hamilton, NY",1
36043,"Herkimer, NY",21
36045,"Jefferson, NY",23
36047,"Kings, NY",441
36049,"Lewis, NY",8
36051,"Livingston, NY",13
36053,"Madison, NY",10
36055,"Monroe, NY",156
36057,"Montgomery, NY",6
36059,"Nassau, NY",313
36061,"New York, NY",305
36063,"Niagara, NY",62
36065,"Oneida, NY",67
36067,"Onondaga, NY",115
36069,"Ontario, NY",26
36071,"Orange, NY",66
36073,"Orleans, NY",10
36075,"Oswego, NY",34
36077,"Otsego, NY",13
36079,"Putnam, NY",20
36081,"Queens, NY",374
36083,"Rensselaer, NY",30
36085,"Richmond, NY",82
36087,"Rockland, NY",63
36089,"St. Lawrence, NY",29
36091,"Saratoga, NY",38
36093,"Schenectady, NY",50
36095,"Schoharie, NY",8
36097,"Schuyler, NY",6
36099,"Seneca, NY",10
36101,"Steuben, NY",31
36103,"Suffolk, NY",310
36105,"Sullivan, NY",24
36107,"Tioga, NY",14
36109,"Tompkins, NY",17
36111,"Ulster, NY",34
36113,"Warren, NY",15
36115,"Washington, NY",19
36117,"Wayne, NY",25
36119,"Westchester, NY",198
36121,"Wyoming, NY",9
36123,"Yates, NY",11
37000,NORTH CAROLINA,0
37001,"Alamance, NC",37
37003,"Alexander, NC",5
37005,"Alleghany, NC",7
37007,"Anson, NC",7
37009,"Ashe, NC",15
37011,"Avery, NC",3
37013,"Beaufort, NC",26
37015,"Bertie, NC",5
37017,"Bladen, NC",12
37019,"Brunswick, NC",27
37021,"Buncombe, NC",62
37023,"Burke, NC",12
37025,"Cabarrus, NC",34
37027,"Caldwell, NC",26
37029,"Camden, NC",1
37031,"Carteret, NC",21
37033,"Caswell, NC",6
37035,"Catawba, NC",51
37037,"Chatham, NC",19
37039,"Cherokee, NC",7
37041,"Chowan, NC",8
37043,"Clay, NC",1
37045,"Cleveland, NC",44
37047,"Columbus, NC",24
37049,"Craven, NC",32
37051,"Cumberland, NC",73
37053,"Currituck, NC",5
37055,"Dare, NC",10
37057,"Davidson, NC",30
37059,"Davie, NC",11
37061,"Duplin, NC",20
37063,"Durham, NC",40
37065,"Edgecombe, NC",10
37067,"Forsyth, NC",74
37069,"Franklin, NC",8
37071,"Gaston, NC",52
37073,"Gates, NC",1
37075,"Graham, NC",4
37077,"Granville, NC",9
37079,"Greene, NC",2
37081,"Guilford, NC",115
37083,"Halifax, NC",19
37085,"Harnett, NC",24
37087,"Haywood, NC",22
37089,"Henderson, NC",45
37091,"Hertford, NC",6
37093,"Hoke, NC",4
37095,"Hyde, NC",0
37097,"Iredell, NC",38
37099,"Jackson, NC",8
37101,"Johnston, NC",30
37103,"Jones, NC",4
37105,"Lee, NC",15
37107,"Lenoir, NC",13
37109,"Lincoln, NC",26
37111,"McDowell, NC",0
37113,"Macon, NC",11
37115,"Madison, NC",5
37117,"Martin, NC",12
37119,"Mecklenburg, NC",124
37121,"Mitchell, NC",12
37123,"Montgomery, NC",5
37125,"Moore, NC",34
37127,"Nash, NC",27
37129,"New Hanover, NC",61
37131,"Northampton, NC",12
37133,"Onslow, NC",27
37135,"Orange, NC",29
37137,"Pamlico, NC",2
37139,"Pasquotank, NC",4
37141,"Pender, NC",9
37143,"Perquimans, NC",2
37145,"Person, NC",6
37147,"Pitt, NC",28
37149,"Polk, NC",9
37151,"Randolph, NC",32
37153,"Richmond, NC",9
37155,"Robeson, NC",30
37157,"Rockingham, NC",26
37159,"Rowan, NC",35
37161,"Rutherford, NC",25
37163,"Sampson, NC",16
37165,"Scotland, NC",8
37167,"Stanly, NC",23
37169,"Stokes, NC",15
37171,"Surry, NC",29
37173,"Swain, NC",5
37175,"Transylvania, NC",14
37177,"Tyrrell, NC",5
37179,"Union, NC",25
37181,"Vance, NC",15
37183,"Wake, NC",139
37185,"Warren, NC",5
37187,"Washington, NC",3
37189,"Watauga, NC",15
37191,"Wayne, NC",28
37193,"Wilkes, NC",20
37195,"Wilson, NC",21
37197,"Yadkin, NC",14
37199,"Yancey, NC",6
38000,NORTH DAKOTA,0
38001,"Adams, ND",0
38003,"Barnes, ND",1
38005,"Benson, ND",1
38007,"Billings, ND",0
38009,"Bottineau, ND",4
38011,"Bowman, ND",0
38013,"Burke, ND",0
38015,"Burleigh, ND",17
38017,"Cass, ND",35
38019,"Cavalier, ND",3
38021,"Dickey, ND",2
38023,"Divide, ND",3
38025,"Dunn, ND",0
38027,"Eddy, ND",0
38029,"Emmons, ND",0
38031,"Foster, ND",4
38033,"Golden Valley, ND",0
38035,"Grand Forks, ND",21
38037,"Grant, ND",3
38039,"Griggs, ND",3
38041,"Hettinger, ND",3
38043,"Kidder, ND",2
38045,"LaMoure, ND",0
38047,"Logan, ND",0
38049,"McHenry, ND",0
38051,"McIntosh, ND",5
38053,"McKenzie, ND",0
38055,"McLean, ND",3
38057,"Mercer, ND",5
38059,"Morton, ND",8
38061,"Mountrail, ND",6
38063,"Nelson, ND",1
38065,"Oliver, ND",0
38067,"Pembina, ND",1
38069,"Pierce, ND",3
38071,"Ramsey, ND",9
38073,"Ransom, ND",1
38075,"Renville, ND",0
38077,"Richland, ND",11
38079,"Rolette, ND",2
38081,"Sargent, ND",1
38083,"Sheridan, ND",0
38085,"Sioux, ND",0
38087,"Slope, ND",0
38089,"Stark, ND",12
38091,"Steele, ND",0
38093,"Stutsman, ND",7
38095,"Towner, ND",1
38097,"Traill, ND",6
38099,"Walsh, ND",5
38101,"Ward, ND",15
38103,"Wells, ND",0
38105,"Williams, ND",9
39000,OHIO,0
39001,"Adams, OH",4
39003,"Allen, OH",34
39005,"Ashland, OH",15
39007,"Ashtabula, OH",21
39009,"Athens, OH",7
39011,"Auglaize, OH",16
39013,"Belmont, OH",9
39015,"Brown, OH",17
39017,"Butler, OH",80
39019,"Carroll, OH",9
39021,"Champaign, OH",8
39023,"Clark, OH",37
39025,"Clermont, OH",27
39027,"Clinton, OH",13
39029,"Columbiana, OH",37
39031,"Coshocton, OH",7
39033,"Crawford, OH",13
39035,"Cuyahoga, OH",299
39037,"Darke, OH",11
39039,"Defiance, OH",6
39041,"Delaware, OH",33
39043,"Erie, OH",26
39045,"Fairfield, OH",35
39047,"Fayette, OH",9
39049,"Franklin, OH",202
39051,"Fulton, OH",11
39053,"Gallia, OH",8
39055,"Geauga, OH",18
39057,"Greene, OH",19
39059,"Guernsey, OH",17
39061,"Hamilton, OH",188
39063,"Hancock, OH",16
39065,"Hardin, OH",6
39067,"Harrison, OH",2
39069,"Henry, OH",6
39071,"Highland, OH",13
39073,"Hocking, OH",6
39075,"Holmes, OH",6
39077,"Huron, OH",14
39079,"Jackson, OH",10
39081,"Jefferson, OH",19
39083,"Knox, OH",26
39085,"Lake, OH",63
39087,"Lawrence, OH",11
39089,"Licking, OH",39
39091,"Logan, OH",5
39093,"Lorain, OH",78
39095,"Lucas, OH",93
39097,"Madison, OH",5
39099,"Mahoning, OH",75
39101,"Marion, OH",21
39103,"Medina, OH",30
39105,"Meigs, OH",2
39107,"Mercer, OH",11
39109,"Miami, OH",21
39111,"Monroe, OH",2
39113,"Montgomery, OH",161
39115,"Morgan, OH",2
39117,"Morrow, OH",7
39119,"Muskingum, OH",24
39121,"Noble, OH",2
39123,"Ottawa, OH",12
39125,"Paulding, OH",3
39127,"Perry, OH",10
39129,"Pickaway, OH",12
39131,"Pike, OH",4
39133,"Portage, OH",35
39135,"Preble, OH",9
39137,"Putnam, OH",6
39139,"Richland, OH",33
39141,"Ross, OH",22
39143,"Sandusky, OH",12
39145,"Scioto, OH",34
39147,"Seneca, OH",20
39149,"Shelby, OH",13
39151,"Stark, OH",101
39153,"Summit, OH",125
39155,"Trumbull, OH",62
39157,"Tuscarawas, OH",36
39159,"Union, OH",6
39161,"Van Wert, OH",7
39163,"Vinton, OH",4
39165,"Warren, OH",29
39167,"Washington, OH",16
39169,"Wayne, OH",24
39171,"Williams, OH",13
39173,"Wood, OH",23
39175,"Wyandot, OH",8
40000,OKLAHOMA,0
40001,"Adair, OK",3
40003,"Alfalfa, OK",2
40005,"Atoka, OK",5
40007,"Beaver, OK",1
40009,"Beckham, OK",5
40011,"Blaine, OK",2
40013,"Bryan, OK",8
40015,"Caddo, OK",5
40017,"Canadian, OK",20
40019,"Carter, OK",13
40021,"Cherokee, OK",9
40023,"Choctaw, OK",4
40025,"Cimarron, OK",1
40027,"Cleveland, OK",40
40029,"Coal, OK",4
40031,"Comanche, OK",25
40033,"Cotton, OK",2
40035,"Craig, OK",3
40037,"Creek, OK",20
40039,"Custer, OK",6
40041,"Delaware, OK",17
40043,"Dewey, OK",3
40045,"Ellis, OK",3
40047,"Garfield, OK",20
40049,"Garvin, OK",12
40051,"Grady, OK",10
40053,"Grant, OK",0
40055,"Greer, OK",6
40057,"Harmon, OK",1
40059,"Harper, OK",0
40061,"Haskell, OK",5
40063,"Hughes, OK",4
40065,"Jackson, OK",9
40067,"Jefferson, OK",2
40069,"Johnston, OK",7
40071,"Kay, OK",19
40073,"Kingfisher, OK",5
40075,"Kiowa, OK",5
40077,"Latimer, OK",2
40079,"Le Flore, OK",14
40081,"Lincoln, OK",12
40083,"Logan, OK",8
40085,"Love, OK",2
40087,"McClain, OK",8
40089,"McCurtain, OK",14
40091,"McIntosh, OK",11
40093,"Major, OK",1
40095,"Marshall, OK",4
40097,"Mayes, OK",7
40099,"Murray, OK",4
40101,"Muskogee, OK",25
40103,"Noble, OK",5
40105,"Nowata, OK",3
40107,"Okfuskee, OK",3
40109,"Oklahoma, OK",205
40111,"Okmulgee, OK",9
40113,"Osage, OK",4
40115,"Ottawa, OK",15
40117,"Pawnee, OK",6
40119,"Payne, OK",14
40121,"Pittsburg, OK",14
40123,"Pontotoc, OK",7
40125,"Pottawatomie, OK",9
40127,"Pushmataha, OK",2
40129,"Roger Mills, OK",0
40131,"Rogers, OK",20
40133,"Seminole, OK",8
40135,"Sequoyah, OK",14
40137,"Stephens, OK",16
40139,"Texas, OK",2
40141,"Tillman, OK",4
40143,"Tulsa, OK",152
40145,"Wagoner, OK",9
40147,"Washington, OK",16
40149,"Washita, OK",4
40151,"Woods, OK",2
40153,"Woodward, OK",9
41000,OREGON,0
41001,"Baker, OR",6
41003,"Benton, OR",11
41005,"Clackamas, OR",69
41007,"Clatsop, OR",14
41009,"Columbia, OR",4
41011,"Coos, OR",23
41013,"Crook, OR",2
41015,"Curry, OR",7
41017,"Deschutes, OR",32
41019,"Douglas, OR",35
41021,"Gilliam, OR",1
41023,"Grant, OR",6
41025,"Harney, OR",0
41027,"Hood River, OR",2
41029,"Jackson, OR",45
41031,"Jefferson, OR",5
41033,"Josephine, OR",20
41035,"Klamath, OR",11
41037,"Lake, OR",1
41039,"Lane, OR",58
41041,"Lincoln, OR",10
41043,"Linn, OR",31
41045,"Malheur, OR",8
41047,"Marion, OR",46
41049,"Morrow, OR",0
41051,"Multnomah, OR",119
41053,"Polk, OR",16
41055,"Sherman, OR",0
41057,"Tillamook, OR",5
41059,"Umatilla, OR",14
41061,"Union, OR",9
41063,"Wallowa, OR",2
41065,"Wasco, OR",6
41067,"Washington, OR",55
41069,"Wheeler, OR",0
41071,"Yamhill, OR",15
42000,PENNSYLVANIA,0
42001,"Adams, PA",27
42003,"Allegheny, PA",290
42005,"Armstrong, PA",15
42007,"Beaver, PA",49
42009,"Bedford, PA",13
42011,"Berks, PA",73
42013,"Blair, PA",45
42015,"Bradford, PA",19
42017,"Bucks, PA",135
42019,"Butler, PA",41
42021,"Cambria, PA",50
42023,"Cameron, PA",1
42025,"Carbon, PA",16
42027,"Centre, PA",26
42029,"Chester, PA",75
42031,"Clarion, PA",7
42033,"Clearfield, PA",19
42035,"Clinton, PA",8
42037,"Columbia, PA",20
42039,"Crawford, PA",23
42041,"Cumberland, PA",56
42043,"Dauphin, PA",56
42045,"Delaware, PA",123
42047,"Elk, PA",7
42049,"Erie, PA",65
42051,"Fayette, PA",50
42053,"Forest, PA",2
42055,"Franklin, PA",26
42057,"Fulton, PA",7
42059,"Greene, PA",9
42061,"Huntingdon, PA",12
42063,"Indiana, PA",36
42065,"Jefferson, PA",12
42067,"Juniata, PA",10
42069,"Lackawanna, PA",60
42071,"Lancaster, PA",118
42073,"Lawrence, PA",22
42075,"Lebanon, PA",40
42077,"Lehigh, PA",70
42079,"Luzerne, PA",81
42081,"Lycoming, PA",26
42083,"McKean, PA",0
42085,"Mercer, PA",29
42087,"Mifflin, PA",19
42089,"Monroe, PA",23
42091,"Montgomery, PA",163
42093,"Montour, PA",4
42095,"Northampton, PA",65
42097,"Northumberland, PA",0
42099,"Perry, PA",9
42101,"Philadelphia, PA",287
42103,"Pike, PA",7
42105,"Potter, PA",5
42107,"Schuylkill, PA",48
42109,"Snyder, PA",10
42111,"Somerset, PA",20
42113,"Sullivan, PA",0
42115,"Susquehanna, PA",6
42117,"Tioga, PA",12
42119,"Union, PA",16
42121,"Venango, PA",19
42123,"Warren, PA",9
42125,"Washington, PA",42
42127,"Wayne, PA",13
42129,"Westmoreland, PA",86
42131,"Wyoming, PA",10
42133,"York, PA",79
44000,RHODE ISLAND,0
44001,"Bristol, RI",10
44003,"Kent, RI",39
44005,"Newport, RI",22
44007,"Providence, RI",131
44009,"Washington, RI",23
45000,SOUTH CAROLINA,0
45001,"Abbeville, SC",12
45003,"Aiken, SC",50
45005,"Allendale, SC",3
45007,"Anderson, SC",67
45009,"Bamberg, SC",5
45011,"Barnwell, SC",9
45013,"Beaufort, SC",48
45015,"Berkeley, SC",35
45017,"Calhoun, SC",3
45019,"Charleston, SC",88
45021,"Cherokee, SC",11
45023,"Chester, SC",16
45025,"Chesterfield, SC",15
45027,"Clarendon, SC",12
45029,"Colleton, SC",10
45031,"Darlington, SC",14
45033,"Dillon, SC",13
45035,"Dorchester, SC",35
45037,"Edgefield, SC",7
45039,"Fairfield, SC",14
45041,"Florence, SC",52
45043,"Georgetown, SC",18
45045,"Greenville, SC",140
45047,"Greenwood, SC",19
45049,"Hampton, SC",6
45051,"Horry, SC",65
45053,"Jasper, SC",2
45055,"Kershaw, SC",19
45057,"Lancaster, SC",15
45059,"Laurens, SC",15
45061,"Lee, SC",2
45063,"Lexington, SC",43
45065,"McCormick, SC",4
45067,"Marion, SC",8
45069,"Marlboro, SC",9
45071,"Newberry, SC",11
45073,"Oconee, SC",31
45075,"Orangeburg, SC",23
45077,"Pickens, SC",30
45079,"Richland, SC",71
45081,"Saluda, SC",5
45083,"Spartanburg, SC",84
45085,"Sumter, SC",26
45087,"Union, SC",16
45089,"Williamsburg, SC",10
45091,"York, SC",52
46000,SOUTH DAKOTA,0
46003,"Aurora, SD",0
46005,"Beadle, SD",5
46007,"Bennett, SD",0
46009,"Bon Homme, SD",2
46011,"Brookings, SD",1
46013,"Brown, SD",11
46015,"Brule, SD",2
46017,"Buffalo, SD",0
46019,"Butte, SD",2
46021,"Campbell, SD",1
46023,"Charles Mix, SD",5
46025,"Clark, SD",2
46027,"Clay, SD",2
46029,"Codington, SD",7
46031,"Corson, SD",0
46033,"Custer, SD",0
46035,"Davison, SD",7
46037,"Day, SD",1
46039,"Deuel, SD",1
46041,"Dewey, SD",0
46043,"Douglas, SD",1
46045,"Edmunds, SD",0
46047,"Fall River, SD",4
46049,"Faulk, SD",0
46051,"Grant, SD",7
46053,"Gregory, SD",1
46055,"Haakon, SD",1
46057,"Hamlin, SD",0
46059,"Hand, SD",0
46061,"Hanson, SD",3
46063,"Harding, SD",0
46065,"Hughes, SD",2
46067,"Hutchinson, SD",3
46069,"Hyde, SD",1
46071,"Jackson, SD",2
46073,"Jerauld, SD",0
46075,"Jones, SD",0
46077,"Kingsbury, SD",2
46079,"Lake, SD",2
46081,"Lawrence, SD",11
46083,"Lincoln, SD",1
46085,"Lyman, SD",0
46087,"McCook, SD",0
46089,"McPherson, SD",0
46091,"Marshall, SD",1
46093,"Meade, SD",5
46095,"Mellette, SD",2
46097,"Miner, SD",0
46099,"Minnehaha, SD",46
46101,"Moody, SD",2
46103,"Pennington, SD",26
46105,"Perkins, SD",1
46107,"Potter, SD",3
46109,"Roberts, SD",0
46111,"Sanborn, SD",1
46113,"Shannon, SD",2
46115,"Spink, SD",1
46117,"Stanley, SD",0
46119,"Sully, SD",0
46121,"Todd, SD",0
46123,"Tripp, SD",0
46125,"Turner, SD",2
46127,"Union, SD",6
46129,"Walworth, SD",0
46135,"Yankton, SD",8
46137,"Ziebach, SD",0
47000,TENNESSEE,0
47001,"Anderson, TN",16
47003,"Bedford, TN",11
47005,"Benton, TN",5
47007,"Bledsoe, TN",2
47009,"Blount, TN",33
47011,"Bradley, TN",28
47013,"Campbell, TN",13
47015,"Cannon, TN",7
47017,"Carroll, TN",11
47019,"Carter, TN",12
47021,"Cheatham, TN",8
47023,"Chester, TN",5
47025,"Claiborne, TN",8
47027,"Clay, TN",2
47029,"Cocke, TN",16
47031,"Coffee, TN",20
47033,"Crockett, TN",3
47035,"Cumberland, TN",27
47037,"Davidson, TN",109
47039,"Decatur, TN",2
47041,"DeKalb, TN",0
47043,"Dickson, TN",10
47045,"Dyer, TN",12
47047,"Fayette, TN",9
47049,"Fentress, TN",6
47051,"Franklin, TN",8
47053,"Gibson, TN",21
47055,"Giles, TN",3
47057,"Grainger, TN",9
47059,"Greene, TN",21
47061,"Grundy, TN",7
47063,"Hamblen, TN",16
47065,"Hamilton, TN",100
47067,"Hancock, TN",4
47069,"Hardeman, TN",6
47071,"Hardin, TN",7
47073,"Hawkins, TN",14
47075,"Haywood, TN",2
47077,"Henderson, TN",6
47079,"Henry, TN",16
47081,"Hickman, TN",5
47083,"Houston, TN",6
47085,"Humphreys, TN",7
47087,"Jackson, TN",2
47089,"Jefferson, TN",16
47091,"Johnson, TN",8
47093,"Knox, TN",118
47095,"Lake, TN",0
47097,"Lauderdale, TN",9
47099,"Lawrence, TN",14
47101,"Lewis, TN",1
47103,"Lincoln, TN",15
47105,"Loudon, TN",17
47107,"McMinn, TN",0
47109,"McNairy, TN",0
47111,"Macon, TN",2
47113,"Madison, TN",41
47115,"Marion, TN",8
47117,"Marshall, TN",6
47119,"Maury, TN",33
47121,"Meigs, TN",2
47123,"Monroe, TN",15
47125,"Montgomery, TN",22
47127,"Moore, TN",0
47129,"Morgan, TN",5
47131,"Obion, TN",6
47133,"Overton, TN",9
47135,"Perry, TN",3
47137,"Pickett, TN",1
47139,"Polk, TN",3
47141,"Putnam, TN",24
47143,"Rhea, TN",9
47145,"Roane, TN",15
47147,"Robertson, TN",17
47149,"Rutherford, TN",36
47151,"Scott, TN",8
47153,"Sequatchie, TN",2
47155,"Sevier, TN",32
47157,"Shelby, TN",179
47159,"Smith, TN",6
47161,"Stewart, TN",5
47163,"Sullivan, TN",58
47165,"Sumner, TN",38
47167,"Tipton, TN",15
47169,"Trousdale, TN",1
47171,"Unicoi, TN",7
47173,"Union, TN",3
47175,"Van Buren, TN",1
47177,"Warren, TN",17
47179,"Washington, TN",38
47181,"Wayne, TN",2
47183,"Weakley, TN",10
47185,"White, TN",7
47187,"Williamson, TN",32
47189,"Wilson, TN",23
48000,TEXAS,0
48001,"Anderson, TX",14
48003,"Andrews, TX",6
48005,"Angelina, TX",15
48007,"Aransas, TX",7
48009,"Archer, TX",3
48011,"Armstrong, TX",0
48013,"Atascosa, TX",5
48015,"Austin, TX",4
48017,"Bailey, TX",0
48019,"Bandera, TX",9
48021,"Bastrop, TX",14
48023,"Baylor, TX",1
48025,"Bee, TX",6
48027,"Bell, TX",36
48029,"Bexar, TX",342
48031,"Blanco, TX",3
48033,"Borden, TX",0
48035,"Bosque, TX",8
48037,"Bowie, TX",27
48039,"Brazoria, TX",45
48041,"Brazos, TX",24
48043,"Brewster, TX",2
48045,"Briscoe, TX",0
48047,"Brooks, TX",3
48049,"Brown, TX",11
48051,"Burleson, TX",3
48053,"Burnet, TX",13
48055,"Caldwell, TX",6
48057,"Calhoun, TX",10
48059,"Callahan, TX",4
48061,"Cameron, TX",68
48063,"Camp, TX",3
48065,"Carson, TX",2
48067,"Cass, TX",7
48069,"Castro, TX",0
48071,"Chambers, TX",4
48073,"Cherokee, TX",16
48075,"Childress, TX",3
48077,"Clay, TX",4
48079,"Cochran, TX",0
48081,"Coke, TX",0
48083,"Coleman, TX",4
48085,"Collin, TX",87
48087,"Collingsworth, TX",3
48089,"Colorado, TX",2
48091,"Comal, TX",23
48093,"Comanche, TX",8
48095,"Concho, TX",2
48097,"Cooke, TX",10
48099,"Coryell, TX",10
48101,"Cottle, TX",0
48103,"Crane, TX",1
48105,"Crockett, TX",3
48107,"Crosby, TX",1
48109,"Culberson, TX",1
48111,"Dallam, TX",2
48113,"Dallas, TX",379
48115,"Dawson, TX",2
48117,"Deaf Smith, TX",2
48119,"Delta, TX",2
48121,"Denton, TX",66
48123,"DeWitt, TX",0
48125,"Dickens, TX",1
48127,"Dimmit, TX",2
48129,"Donley, TX",2
48131,"Duval, TX",4
48133,"Eastland, TX",11
48135,"Ector, TX",24
48137,"Edwards, TX",2
48139,"Ellis, TX",36
48141,"El Paso, TX",146
48143,"Erath, TX",4
48145,"Falls, TX",6
48147,"Fannin, TX",10
48149,"Fayette, TX",12
48151,"Fisher, TX",2
48153,"Floyd, TX",1
48155,"Foard, TX",0
48157,"Fort Bend, TX",49
48159,"Franklin, TX",4
48161,"Freestone, TX",5
48163,"Frio, TX",3
48165,"Gaines, TX",1
48167,"Galveston, TX",64
48169,"Garza, TX",2
48171,"Gillespie, TX",9
48173,"Glasscock, TX",1
48175,"Goliad, TX",0
48177,"Gonzales, TX",10
48179,"Gray, TX",3
48181,"Grayson, TX",35
48183,"Gregg, TX",35
48185,"Grimes, TX",3
48187,"Guadalupe, TX",25
48189,"Hale, TX",3
48191,"Hall, TX",1
48193,"Hamilton, TX",3
48195,"Hansford, TX",0
48197,"Hardeman, TX",0
48199,"Hardin, TX",17
48201,"Harris, TX",590
48203,"Harrison, TX",13
48205,"Hartley, TX",0
48207,"Haskell, TX",0
48209,"Hays, TX",19
48211,"Hemphill, TX",0
48213,"Henderson, TX",16
48215,"Hidalgo, TX",116
48217,"Hill, TX",8
48219,"Hockley, TX",5
48221,"Hood, TX",16
48223,"Hopkins, TX",8
48225,"Houston, TX",6
48227,"Howard, TX",9
48229,"Hudspeth, TX",0
48231,"Hunt, TX",19
48233,"Hutchinson, TX",5
48235,"Irion, TX",0
48237,"Jack, TX",3
48239,"Jackson, TX",3
48241,"Jasper, TX",6
48243,"Jeff Davis, TX",0
48245,"Jefferson, TX",57
48247,"Jim Hogg, TX",2
48249,"Jim Wells, TX",13
48251,"Johnson, TX",32
48253,"Jones, TX",0
48255,"Karnes, TX",2
48257,"Kaufman, TX",38
48259,"Kendall, TX",14
48261,"Kenedy, TX",0
48263,"Kent, TX",0
48265,"Kerr, TX",21
48267,"Kimble, TX",2
48269,"King, TX",0
48271,"Kinney, TX",1
48273,"Kleberg, TX",7
48275,"Knox, TX",0
48277,"Lamar, TX",14
48279,"Lamb, TX",1
48281,"Lampasas, TX",9
48283,"La Salle, TX",2
48285,"Lavaca, TX",5
48287,"Lee, TX",3
48289,"Leon, TX",9
48291,"Liberty, TX",14
48293,"Limestone, TX",4
48295,"Lipscomb, TX",0
48297,"Live Oak, TX",4
48299,"Llano, TX",8
48301,"Loving, TX",0
48303,"Lubbock, TX",50
48305,"Lynn, TX",3
48307,"McCulloch, TX",0
48309,"McLennan, TX",0
48311,"McMullen, TX",0
48313,"Madison, TX",2
48315,"Marion, TX",5
48317,"Martin, TX",0
48319,"Mason, TX",2
48321,"Matagorda, TX",5
48323,"Maverick, TX",11
48325,"Medina, TX",11
48327,"Menard, TX",0
48329,"Midland, TX",19
48331,"Milam, TX",8
48333,"Mills, TX",1
48335,"Mitchell, TX",0
48337,"Montague, TX",6
48339,"Montgomery, TX",90
48341,"Moore, TX",2
48343,"Morris, TX",3
48345,"Motley, TX",0
48347,"Nacogdoches, TX",16
48349,"Navarro, TX",10
48351,"Newton, TX",5
48353,"Nolan, TX",6
48355,"Nueces, TX",67
48357,"Ochiltree, TX",0
48359,"Oldham, TX",0
48361,"Orange, TX",22
48363,"Palo Pinto, TX",4
48365,"Panola, TX",9
48367,"Parker, TX",19
48369,"Parmer, TX",1
48371,"Pecos, TX",4
48373,"Polk, TX",27
48375,"Potter, TX",59
48377,"Presidio, TX",1
48379,"Rains, TX",4
48381,"Randall, TX",7
48383,"Reagan, TX",0
48385,"Real, TX",0
48387,"Red River, TX",8
48389,"Reeves, TX",2
48391,"Refugio, TX",5
48393,"Roberts, TX",0
48395,"Robertson, TX",3
48397,"Rockwall, TX",15
48399,"Runnels, TX",7
48401,"Rusk, TX",12
48403,"Sabine, TX",4
48405,"San Augustine, TX",4
48407,"San Jacinto, TX",7
48409,"San Patricio, TX",23
48411,"San Saba, TX",2
48413,"Schleicher, TX",0
48415,"Scurry, TX",4
48417,"Shackelford, TX",0
48419,"Shelby, TX",7
48421,"Sherman, TX",0
48423,"Smith, TX",39
48425,"Somervell, TX",1
48427,"Starr, TX",17
48429,"Stephens, TX",2
48431,"Sterling, TX",0
48433,"Stonewall, TX",0
48435,"Sutton, TX",0
48437,"Swisher, TX",1
48439,"Tarrant, TX",302
48441,"Taylor, TX",31
48443,"Terrell, TX",0
48445,"Terry, TX",3
48447,"Throckmorton, TX",0
48449,"Titus, TX",5
48451,"Tom Green, TX",34
48453,"Travis, TX",129
48455,"Trinity, TX",6
48457,"Tyler, TX",5
48459,"Upshur, TX",11
48461,"Upton, TX",1
48463,"Uvalde, TX",2
48465,"Val Verde, TX",6
48467,"Van Zandt, TX",14
48469,"Victoria, TX",19
48471,"Walker, TX",10
48473,"Waller, TX",3
48475,"Ward, TX",5
48477,"Washington, TX",10
48479,"Webb, TX",28
48481,"Wharton, TX",14
48483,"Wheeler, TX",0
48485,"Wichita, TX",32
48487,"Wilbarger, TX",4
48489,"Willacy, TX",4
48491,"Williamson, TX",70
48493,"Wilson, TX",13
48495,"Winkler, TX",1
48497,"Wise, TX",9
48499,"Wood, TX",13
48501,"Yoakum, TX",1
48503,"Young, TX",7
48505,"Zapata, TX",2
48507,"Zavala, TX",0
49000,UTAH,0
49001,"Beaver, UT",2
49003,"Box Elder, UT",12
49005,"Cache, UT",19
49007,"Carbon, UT",4
49009,"Daggett, UT",0
49011,"Davis, UT",34
49013,"Duchesne, UT",1
49015,"Emery, UT",3
49017,"Garfield, UT",3
49019,"Grand, UT",1
49021,"Iron, UT",4
49023,"Juab, UT",3
49025,"Kane, UT",0
49027,"Millard, UT",0
49029,"Morgan, UT",1
49031,"Piute, UT",1
49033,"Rich, UT",2
49035,"Salt Lake, UT",140
49037,"San Juan, UT",1
49039,"Sanpete, UT",4
49041,"Sevier, UT",9
49043,"Summit, UT",3
49045,"Tooele, UT",11
49047,"Uintah, UT",5
49049,"Utah, UT",61
49051,"Wasatch, UT",2
49053,"Washington, UT",43
49055,"Wayne, UT",1
49057,"Weber, UT",35
50000,VERMONT,0
50001,"Addison, VT",0
50003,"Bennington, VT",13
50005,"Caledonia, VT",9
50007,"Chittenden, VT",43
50009,"Essex, VT",5
50011,"Franklin, VT",13
50013,"Grand Isle, VT",5
50015,"Lamoille, VT",9
50017,"Orange, VT",8
50019,"Orleans, VT",14
50021,"Rutland, VT",27
50023,"Washington, VT",27
50025,"Windham, VT",18
50027,"Windsor, VT",17
51000,VIRGINIA,0
51001,"Accomack, VA",10
51003,"Albemarle, VA",17
51005,"Alleghany, VA",0
51007,"Amelia, VA",1
51009,"Amherst, VA",10
51011,"Appomattox, VA",7
51013,"Arlington, VA",22
51015,"Augusta, VA",8
51017,"Bath, VA",3
51019,"Bedford, VA",18
51021,"Bland, VA",3
51023,"Botetourt, VA",14
51025,"Brunswick, VA",9
51027,"Buchanan, VA",12
51029,"Buckingham, VA",3
51031,"Campbell, VA",13
51033,"Caroline, VA",4
51035,"Carroll, VA",12
51036,"Charles City, VA",4
51037,"Charlotte, VA",5
51041,"Chesterfield, VA",63
51043,"Clarke, VA",8
51045,"Craig, VA",0
51047,"Culpeper, VA",12
51049,"Cumberland, VA",1
51051,"Dickenson, VA",5
51053,"Dinwiddie, VA",4
51057,"Essex, VA",4
51059,"Fairfax, VA",136
51061,"Fauquier, VA",12
51063,"Floyd, VA",0
51065,"Fluvanna, VA",6
51067,"Franklin, VA",9
51069,"Frederick, VA",10
51071,"Giles, VA",14
51073,"Gloucester, VA",7
51075,"Goochland, VA",4
51077,"Grayson, VA",3
51079,"Greene, VA",2
51081,"Greensville, VA",3
51083,"Halifax, VA",13
51085,"Hanover, VA",27
51087,"Henrico, VA",65
51089,"Henry, VA",9
51091,"Highland, VA",0
51093,"Isle of Wight, VA",14
51095,"James City, VA",4
51097,"King and Queen, VA",2
51099,"King George, VA",3
51101,"King William, VA",5
51103,"Lancaster, VA",3
51105,"Lee, VA",9
51107,"Loudoun, VA",23
51109,"Louisa, VA",15
51111,"Lunenburg, VA",6
51113,"Madison, VA",3
51115,"Mathews, VA",1
51117,"Mecklenburg, VA",9
51119,"Middlesex, VA",6
51121,"Montgomery, VA",16
51125,"Nelson, VA",5
51127,"New Kent, VA",3
51131,"Northampton, VA",11
51133,"Northumberland, VA",0
51135,"Nottoway, VA",6
51137,"Orange, VA",8
51139,"Page, VA",6
51141,"Patrick, VA",9
51143,"Pittsylvania, VA",13
51145,"Powhatan, VA",4
51147,"Prince Edward, VA",8
51149,"Prince George, VA",7
51153,"Prince William, VA",37
51155,"Pulaski, VA",16
51157,"Rappahannock, VA",3
51159,"Richmond, VA",2
51161,"Roanoke, VA",15
51163,"Rockbridge, VA",2
51165,"Rockingham, VA",22
51167,"Russell, VA",9
51169,"Scott, VA",0
51171,"Shenandoah, VA",14
51173,"Smyth, VA",6
51175,"Southampton, VA",3
51177,"Spotsylvania, VA",8
51179,"Stafford, VA",9
51181,"Surry, VA",1
51183,"Sussex, VA",5
51185,"Tazewell, VA",23
51187,"Warren, VA",5
51191,"Washington, VA",25
51193,"Westmoreland, VA",6
51195,"Wise, VA",18
51197,"Wythe, VA",7
51199,"York, VA",27
51510,"Alexandria, VA",0
51515,"Bedford, VA",18
51520,"Bristol, VA",0
51530,"Buena Vista, VA",0
51540,"Charlottesville, VA",0
51550,"Chesapeake, VA",0
51560,"Clifton Forge, VA",0
51570,"Colonial Heights, VA",0
51580,"Covington, VA",0
51590,"Danville, VA",0
51595,"Emporia, VA",0
51600,"Fairfax, VA",136
51610,"Falls Church, VA",0
51620,"Franklin, VA",9
51630,"Fredericksburg, VA",0
51640,"Galax, VA",0
51650,"Hampton, VA",0
51660,"Harrisonburg, VA",0
51670,"Hopewell, VA",0
51678,"Lexington, VA",0
51680,"Lynchburg, VA",0
51683,"Manassas, VA",0
51685,"Manassas Park, VA",0
51690,"Martinsville, VA",0
51700,"Newport News, VA",0
51710,"Norfolk, VA",0
51720,"Norton, VA",0
51730,"Petersburg, VA",0
51735,"Poquoson, VA",1
51740,"Portsmouth, VA",0
51750,"Radford, VA",0
51760,"Richmond, VA",2
51770,"Roanoke, VA",15
51775,"Salem, VA",0
51780,"South Boston, VA",0
51790,"Staunton, VA",0
51800,"Suffolk, VA",0
51810,"Virginia Beach, VA",0
51820,"Waynesboro, VA",0
51830,"Williamsburg, VA",0
51840,"Winchester, VA",0
53000,WASHINGTON,0
53001,"Adams, WA",3
53003,"Asotin, WA",12
53005,"Benton, WA",29
53007,"Chelan, WA",18
53009,"Clallam, WA",33
53011,"Clark, WA",77
53013,"Columbia, WA",1
53015,"Cowlitz, WA",27
53017,"Douglas, WA",16
53019,"Ferry, WA",3
53021,"Franklin, WA",6
53023,"Garfield, WA",1
53025,"Grant, WA",19
53027,"Grays Harbor, WA",23
53029,"Island, WA",16
53031,"Jefferson, WA",12
53033,"King, WA",337
53035,"Kitsap, WA",59
53037,"Kittitas, WA",5
53039,"Klickitat, WA",6
53041,"Lewis, WA",17
53043,"Lincoln, WA",3
53045,"Mason, WA",16
53047,"Okanogan, WA",9
53049,"Pacific, WA",8
53051,"Pend Oreille, WA",2
53053,"Pierce, WA",143
53055,"San Juan, WA",4
53057,"Skagit, WA",27
53059,"Skamania, WA",0
53061,"Snohomish, WA",106
53063,"Spokane, WA",97
53065,"Stevens, WA",14
53067,"Thurston, WA",47
53069,"Wahkiakum, WA",2
53071,"Walla Walla, WA",19
53073,"Whatcom, WA",51
53075,"Whitman, WA",16
53077,"Yakima, WA",41
54000,WEST VIRGINIA,0
54001,"Barbour, WV",8
54003,"Berkeley, WV",15
54005,"Boone, WV",13
54007,"Braxton, WV",4
54009,"Brooke, WV",7
54011,"Cabell, WV",34
54013,"Calhoun, WV",2
54015,"Clay, WV",5
54017,"Doddridge, WV",0
54019,"Fayette, WV",16
54021,"Gilmer, WV",1
54023,"Grant, WV",6
54025,"Greenbrier, WV",5
54027,"Hampshire, WV",6
54029,"Hancock, WV",6
54031,"Hardy, WV",0
54033,"Harrison, WV",16
54035,"Jackson, WV",12
54037,"Jefferson, WV",7
54039,"Kanawha, WV",62
54041,"Lewis, WV",9
54043,"Lincoln, WV",6
54045,"Logan, WV",16
54047,"McDowell, WV",0
54049,"Marion, WV",22
54051,"Marshall, WV",9
54053,"Mason, WV",7
54055,"Mercer, WV",23
54057,"Mineral, WV",0
54059,"Mingo, WV",9
54061,"Monongalia, WV",17
54063,"Monroe, WV",11
54065,"Morgan, WV",7
54067,"Nicholas, WV",9
54069,"Ohio, WV",12
54071,"Pendleton, WV",2
54073,"Pleasants, WV",1
54075,"Pocahontas, WV",1
54077,"Preston, WV",12
54079,"Putnam, WV",13
54081,"Raleigh, WV",45
54083,"Randolph, WV",15
54085,"Ritchie, WV",6
54087,"Roane, WV",2
54089,"Summers, WV",2
54091,"Taylor, WV",4
54093,"Tucker, WV",0
54095,"Tyler, WV",6
54097,"Upshur, WV",12
54099,"Wayne, WV",9
54101,"Webster, WV",3
54103,"Wetzel, WV",4
54105,"Wirt, WV",1
54107,"Wood, WV",36
54109,"Wyoming, WV",7
55000,WISCONSIN,0
55001,"Adams, WI",3
55003,"Ashland, WI",11
55005,"Barron, WI",7
55007,"Bayfield, WI",10
55009,"Brown, WI",36
55011,"Buffalo, WI",2
55013,"Burnett, WI",8
55015,"Calumet, WI",8
55017,"Chippewa, WI",16
55019,"Clark, WI",4
55021,"Columbia, WI",17
55023,"Crawford, WI",1
55025,"Dane, WI",89
55027,"Dodge, WI",18
55029,"Door, WI",8
55031,"Douglas, WI",10
55033,"Dunn, WI",6
55035,"Eau Claire, WI",22
55037,"Florence, WI",2
55039,"Fond du Lac, WI",17
55041,"Forest, WI",7
55043,"Grant, WI",7
55045,"Green, WI",4
55047,"Green Lake, WI",8
55049,"Iowa, WI",4
55051,"Iron, WI",1
55053,"Jackson, WI",2
55055,"Jefferson, WI",16
55057,"Juneau, WI",7
55059,"Kenosha, WI",31
55061,"Kewaunee, WI",7
55063,"La Crosse, WI",21
55065,"Lafayette, WI",2
55067,"Langlade, WI",8
55069,"Lincoln, WI",11
55071,"Manitowoc, WI",20
55073,"Marathon, WI",29
55075,"Marinette, WI",10
55077,"Marquette, WI",5
55078,"Menominee, WI",0
55079,"Milwaukee, WI",162
55081,"Monroe, WI",10
55083,"Oconto, WI",7
55085,"Oneida, WI",8
55087,"Outagamie, WI",45
55089,"Ozaukee, WI",12
55091,"Pepin, WI",4
55093,"Pierce, WI",9
55095,"Polk, WI",8
55097,"Portage, WI",20
55099,"Price, WI",5
55101,"Racine, WI",40
55103,"Richland, WI",3
55105,"Rock, WI",29
55107,"Rusk, WI",1
55109,"St. Croix, WI",14
55111,"Sauk, WI",15
55113,"Sawyer, WI",3
55115,"Shawano, WI",15
55117,"Sheboygan, WI",16
55119,"Taylor, WI",5
55121,"Trempealeau, WI",10
55123,"Vernon, WI",13
55125,"Vilas, WI",14
55127,"Walworth, WI",19
55129,"Washburn, WI",11
55131,"Washington, WI",25
55133,"Waukesha, WI",82
55135,"Waupaca, WI",20
55137,"Waushara, WI",5
55139,"Winnebago, WI",31
55141,"Wood, WI",32
56000,WYOMING,0
56001,"Albany, WY",5
56003,"Big Horn, WY",7
56005,"Campbell, WY",6
56007,"Carbon, WY",5
56009,"Converse, WY",5
56011,"Crook, WY",1
56013,"Fremont, WY",11
56015,"Goshen, WY",7
56017,"Hot Springs, WY",2
56019,"Johnson, WY",5
56021,"Laramie, WY",26
56023,"Lincoln, WY",6
56025,"Natrona, WY",18
56027,"Niobrara, WY",0
56029,"Park, WY",9
56031,"Platte, WY",1
56033,"Sheridan, WY",14
56035,"Sublette, WY",2
56037,"Sweetwater, WY",12
56039,"Teton, WY",3
56041,"Uinta, WY",1
56043,"Washakie, WY",1
56045,"Weston, WY",3
